Date,Open,High,Low,Close,Adj Close,Volume,Year
12/31/2014,20.4,20.51,19.99,20.049999,19.45927,4157500,2014
1/2/2015,20.129999,20.280001,19.809999,20.129999,19.536913,2842000,2015
1/5/2015,20.129999,20.190001,19.700001,19.790001,19.206934,4948800,2015
1/6/2015,19.82,19.84,19.17,19.190001,18.624611,4944100,2015
1/7/2015,19.33,19.5,19.08,19.139999,18.576082,8045200,2015
1/8/2015,19.360001,19.98,19.35,19.860001,19.27487,7094500,2015
1/9/2015,19.93,20.09,19.66,19.940001,19.352512,5238500,2015
1/12/2015,19.99,20,19.51,19.690001,19.109879,4768300,2015
1/13/2015,19.84,20.24,19.52,19.66,19.080761,5909700,2015
1/14/2015,19.450001,19.799999,19.4,19.74,19.158401,3881500,2015
1/15/2015,19.879999,20,19.59,19.6,19.02253,4723300,2015
1/16/2015,19.57,19.98,19.51,19.959999,19.371923,4537800,2015
1/20/2015,20.1,20.209999,19.77,20.02,19.430159,3487500,2015
1/21/2015,19.91,20.35,19.77,20.299999,19.701904,3619500,2015
1/22/2015,20.34,20.709999,20.129999,20.65,20.041594,3992800,2015
1/23/2015,20.67,20.75,20.5,20.709999,20.099825,2976700,2015
1/26/2015,20.620001,20.719999,20.49,20.620001,20.01248,3331000,2015
1/27/2015,20.299999,20.32,19.59,19.629999,19.051643,8948700,2015
1/28/2015,19.870001,19.950001,19.299999,19.309999,18.741074,6818200,2015
1/29/2015,19.32,19.889999,19.23,19.780001,19.197226,5883500,2015
1/30/2015,19.639999,19.870001,19.17,19.200001,18.634314,7455000,2015
2/2/2015,19.32,19.700001,18.940001,19.620001,19.041941,6490100,2015
2/3/2015,19.76,20.129999,19.66,20.110001,19.517504,4555300,2015
2/4/2015,20.049999,20.389999,19.99,20.16,19.566031,4537900,2015
2/5/2015,20.18,20.5,20.16,20.49,19.886305,3511200,2015
2/6/2015,20.469999,20.709999,20.309999,20.4,19.798956,5231900,2015
2/9/2015,20.280001,20.440001,20.15,20.379999,19.779549,6848600,2015
2/10/2015,20.4,20.959999,20.309999,20.950001,20.332756,5655100,2015
2/11/2015,21,21,20.67,20.809999,20.196877,8020800,2015
2/12/2015,22,22.5,21.870001,22.299999,21.642979,16922600,2015
2/13/2015,22.25,22.34,21.91,22.309999,21.652683,7752100,2015
2/17/2015,22.27,22.49,22.129999,22.379999,21.720623,5083500,2015
2/18/2015,22.35,22.389999,22.08,22.120001,21.468283,4273700,2015
2/19/2015,22.4,22.440001,22.08,22.18,21.526518,4235800,2015
2/20/2015,22.16,22.35,22,22.34,21.681799,3943800,2015
2/23/2015,22.33,22.33,22.049999,22.16,21.507109,3125200,2015
2/24/2015,22.16,22.309999,21.959999,22.309999,21.736061,3733900,2015
2/25/2015,22.219999,22.32,22.040001,22.139999,21.570431,3095500,2015
2/26/2015,22.16,22.33,22.02,22.200001,21.628889,3821600,2015
2/27/2015,22.139999,22.190001,21.98,22.059999,21.492489,3937300,2015
3/2/2015,22,22.719999,21.969999,22.6,22.0186,7537800,2015
3/3/2015,22.43,22.540001,22.110001,22.18,21.609402,4008600,2015
3/4/2015,22.1,22.48,22.01,22.43,21.852972,5648400,2015
3/5/2015,22.43,22.9,22.370001,22.860001,22.271908,8076400,2015
3/6/2015,22.73,22.84,22.530001,22.549999,21.969885,6434800,2015
3/9/2015,22.559999,22.780001,22.51,22.610001,22.028341,5559700,2015
3/10/2015,22.709999,23.15,22.67,23,22.408308,13145300,2015
3/11/2015,23,23.299999,22.82,22.879999,22.291393,6553000,2015
3/12/2015,22.66,22.83,22.24,22.67,22.0868,10174300,2015
3/13/2015,22.559999,22.76,22.25,22.700001,22.116024,8982200,2015
3/16/2015,22.879999,23.110001,22.73,22.969999,22.379078,5923900,2015
3/17/2015,22.92,23.26,22.76,23.25,22.651876,7497500,2015
3/18/2015,23.25,23.370001,22.66,22.870001,22.281652,10337600,2015
3/19/2015,22.950001,23.299999,22.780001,23.219999,22.62265,7768900,2015
3/20/2015,23.41,23.610001,23.190001,23.469999,22.866215,11552100,2015
3/23/2015,22.77,23.07,22.700001,22.709999,22.125767,10595700,2015
3/24/2015,22.639999,22.799999,22.299999,22.4,21.823744,8262000,2015
3/25/2015,22.389999,22.389999,20.969999,21.040001,20.49873,13563800,2015
3/26/2015,20.610001,21.059999,20.459999,20.969999,20.430529,7798000,2015
3/27/2015,21.09,21.459999,20.75,21.379999,20.829983,7940200,2015
3/30/2015,21.48,21.58,21.200001,21.469999,20.917669,6331300,2015
3/31/2015,21.41,21.43,20.91,20.93,20.39156,8931900,2015
4/1/2015,21.01,21.08,20.65,21.01,20.469501,8228300,2015
4/2/2015,21.129999,21.190001,20.879999,21.059999,20.518215,4805100,2015
4/6/2015,20.969999,21.74,20.75,21.67,21.112526,12896600,2015
4/7/2015,21.67,22.1,21.549999,21.860001,21.297634,10349100,2015
4/8/2015,21.879999,22.1,21.67,22.02,21.453518,9160800,2015
4/9/2015,21.85,22.6,21.84,22.530001,21.950401,9485800,2015
4/10/2015,22.549999,22.77,22.469999,22.76,22.17448,6468200,2015
4/13/2015,22.709999,22.84,22.450001,22.549999,21.969885,5918100,2015
4/14/2015,22.459999,22.549999,22.139999,22.360001,21.784773,5441000,2015
4/15/2015,22.42,22.799999,22.309999,22.629999,22.047825,6089000,2015
4/16/2015,22.5,22.690001,22.33,22.49,21.911432,3882100,2015
4/17/2015,22.02,22.42,22.01,22.200001,21.628889,7340900,2015
4/20/2015,22.299999,22.440001,22.049999,22.09,21.521719,5739500,2015
4/21/2015,22.360001,22.360001,21.950001,22.059999,21.492489,5761400,2015
4/22/2015,22.190001,22.34,21.85,22.309999,21.736061,5185500,2015
4/23/2015,21.9,22.43,21.65,22.219999,21.648373,6484500,2015
4/24/2015,22.209999,22.219999,21.780001,22.030001,21.463264,6024000,2015
4/27/2015,22.1,22.59,21.91,22.200001,21.628889,6211400,2015
4/28/2015,22.16,22.389999,21.950001,22.309999,21.736061,5862100,2015
4/29/2015,22.15,22.370001,22.049999,22.139999,21.570431,4878900,2015
4/30/2015,22.030001,22.309999,21.98,22.200001,21.628889,5471100,2015
5/1/2015,22.379999,22.82,22.280001,22.75,22.164743,6424200,2015
5/4/2015,22.73,22.879999,22.540001,22.610001,22.028341,5018000,2015
5/5/2015,22.530001,22.559999,21.93,22.030001,21.463264,7323200,2015
5/6/2015,22.15,22.360001,21.809999,22.1,21.531462,7912100,2015
5/7/2015,22.01,22.559999,21.940001,22.49,21.911432,13364100,2015
5/8/2015,21.01,21.84,20.49,20.83,20.294132,28663800,2015
5/11/2015,20.540001,20.84,20.379999,20.629999,20.099277,13603600,2015
5/12/2015,20.48,21,20.469999,20.83,20.294132,9720000,2015
5/13/2015,20.98,21.139999,20.75,20.950001,20.411047,7713100,2015
5/14/2015,21.01,21.4,20.959999,21.290001,20.742302,7326300,2015
5/15/2015,21.379999,21.48,21.17,21.299999,20.752039,5395600,2015
5/18/2015,21.25,21.4,21.15,21.27,20.722815,8121800,2015
5/19/2015,21.200001,21.27,21,21.040001,20.593618,6345200,2015
5/20/2015,21.049999,21.299999,21.02,21.040001,20.593618,4920600,2015
5/21/2015,21.049999,21.139999,20.870001,20.889999,20.446796,5992300,2015
5/22/2015,20.940001,21.02,20.809999,20.860001,20.417433,5314800,2015
5/26/2015,20.76,20.9,20.57,20.73,20.290192,6493300,2015
5/27/2015,20.870001,21.940001,20.799999,21.84,21.376638,10808300,2015
5/28/2015,21.84,22.209999,21.799999,22.139999,21.670277,8191400,2015
5/29/2015,22.139999,22.280001,22.1,22.129999,21.660488,8324900,2015
6/1/2015,22.27,22.6,22.129999,22.379999,21.905184,9316500,2015
6/2/2015,22.24,22.360001,21.92,21.940001,21.47452,5544000,2015
6/3/2015,22,22.17,21.66,21.700001,21.239611,6269700,2015
6/4/2015,21.57,22.16,21.57,22.09,21.621336,8092800,2015
6/5/2015,22.02,22.360001,21.790001,22.26,21.787731,7833000,2015
6/8/2015,22.190001,22.34,21.5,21.75,21.288551,8549500,2015
6/9/2015,21.77,22.02,21.73,21.860001,21.396215,6422200,2015
6/10/2015,21.6,21.74,21.35,21.469999,21.01449,13236500,2015
6/11/2015,21.469999,21.85,21.469999,21.700001,21.239611,7076300,2015
6/12/2015,21.559999,21.690001,21.059999,21.110001,20.662128,8093200,2015
6/15/2015,21,21.17,20.84,21.07,20.622978,7663700,2015
6/16/2015,21.030001,21.360001,20.82,21.33,20.87746,6422300,2015
6/17/2015,21.32,21.700001,21.27,21.58,21.122154,5838600,2015
6/18/2015,21.76,22.08,21.700001,21.940001,21.47452,7485100,2015
6/19/2015,21.940001,22.120001,21.67,21.870001,21.406006,8891400,2015
6/22/2015,21.91,22.030001,21.450001,21.780001,21.317911,12855900,2015
6/23/2015,21.82,21.99,21.049999,21.219999,20.769794,10351600,2015
6/24/2015,21.190001,21.299999,20.91,21.01,20.564249,6334200,2015
6/25/2015,21.01,21.299999,21.01,21.17,20.720854,8761500,2015
6/26/2015,21,21.02,20.65,20.74,20.299978,10532400,2015
6/29/2015,20.5,20.709999,20.09,20.120001,19.693136,9793100,2015
6/30/2015,20.24,20.33,19.969999,20.110001,19.683346,7897900,2015
7/1/2015,20.610001,20.9,20.219999,20.4,19.967192,7572300,2015
7/2/2015,20.389999,20.549999,20.290001,20.42,19.986765,3644100,2015
7/6/2015,20.25,20.530001,20.02,20.17,19.742073,5369400,2015
7/7/2015,20.049999,20.129999,19.16,19.790001,19.370134,14856300,2015
7/8/2015,19.68,19.799999,19.49,19.65,19.233103,8312300,2015
7/9/2015,19.959999,20.049999,19.290001,19.41,18.998194,8939700,2015
7/10/2015,19.66,19.93,19.610001,19.75,19.330982,5417700,2015
7/13/2015,19.950001,19.99,19.75,19.879999,19.458225,5311800,2015
7/14/2015,19.91,19.93,19.629999,19.889999,19.468012,6230400,2015
7/15/2015,19.84,19.969999,19.57,19.75,19.330982,6643300,2015
7/16/2015,19.870001,20.190001,19.799999,20.190001,19.76165,7071200,2015
7/17/2015,20.120001,20.139999,19.809999,20.07,19.644194,5509300,2015
7/20/2015,20.07,20.15,19.65,19.700001,19.282043,4710300,2015
7/21/2015,19.66,20.07,19.66,19.790001,19.370134,3743000,2015
7/22/2015,19.65,19.65,19.17,19.41,18.998194,8911800,2015
7/23/2015,19.450001,19.940001,19.41,19.65,19.233103,4247900,2015
7/24/2015,19.790001,19.809999,19.34,19.42,19.007982,4721100,2015
7/27/2015,19.25,19.530001,19.09,19.309999,18.900318,4810500,2015
7/28/2015,19.360001,19.860001,19.16,19.73,19.311407,4957700,2015
7/29/2015,19.690001,20.129999,19.610001,19.969999,19.546312,5817000,2015
7/30/2015,19.92,20.219999,19.92,20.02,19.595253,4754500,2015
7/31/2015,20.1,20.110001,19.83,19.950001,19.526741,5458500,2015
8/3/2015,20.110001,20.309999,19.85,20.290001,19.859528,9928300,2015
8/4/2015,20.219999,20.43,20.139999,20.370001,19.93783,6502500,2015
8/5/2015,20.870001,20.889999,20.540001,20.58,20.143373,5865700,2015
8/6/2015,20.530001,20.68,20.110001,20.450001,20.01613,16391900,2015
8/7/2015,22.459999,23.370001,21.879999,22.98,22.492455,35131200,2015
8/10/2015,22.82,23.950001,22.68,23.780001,23.275484,16557600,2015
8/11/2015,23.43,23.889999,23.43,23.66,23.15803,10858300,2015
8/12/2015,23.280001,23.889999,23.280001,23.719999,23.216757,9601200,2015
8/13/2015,23.75,23.799999,23.459999,23.52,23.020996,6922100,2015
8/14/2015,23.5,23.68,23.360001,23.540001,23.040573,5364000,2015
8/17/2015,23.5,23.5,23.1,23.389999,22.893757,6847000,2015
8/18/2015,23.219999,23.379999,22.9,23.08,22.685383,7177100,2015
8/19/2015,23.049999,23.309999,22.74,22.99,22.59692,6231200,2015
8/20/2015,22.73,22.84,22.049999,22.16,21.781113,10673300,2015
8/21/2015,22,22.370001,21.450001,21.469999,21.102907,9566600,2015
8/24/2015,20.27,21.83,20,20.709999,20.355902,17057100,2015
8/25/2015,21.620001,21.700001,20.280001,20.280001,19.933254,15567100,2015
8/26/2015,20.940001,21.83,20.780001,21.809999,21.437096,15374400,2015
8/27/2015,22.040001,22.639999,21.91,22.629999,22.243078,11594100,2015
8/28/2015,22.629999,22.870001,22.469999,22.73,22.341362,8023600,2015
8/31/2015,22.620001,22.780001,22.389999,22.48,22.095638,5459400,2015
9/1/2015,21.83,22.200001,21.4,21.559999,21.191366,8835200,2015
9/2/2015,22.15,22.219999,21.780001,22.209999,21.830254,8601100,2015
9/3/2015,22.540001,22.65,22.23,22.27,21.889229,6563900,2015
9/4/2015,21.889999,22.24,21.74,21.75,21.37812,7199300,2015
9/8/2015,22.280001,22.77,22.190001,22.68,22.292219,5961200,2015
9/9/2015,22.75,22.940001,22.18,22.23,21.849913,7226500,2015
9/10/2015,22.1,22.860001,22,22.58,22.193933,8926900,2015
9/11/2015,22.33,22.799999,22.24,22.65,22.262735,7539600,2015
9/14/2015,22.76,22.83,22.57,22.690001,22.302048,4811500,2015
9/15/2015,22.700001,23.059999,22.629999,22.940001,22.547775,8177900,2015
9/16/2015,22.9,23.23,22.73,23.1,22.70504,4337700,2015
9/17/2015,23.5,23.709999,23.26,23.309999,22.911449,6717800,2015
9/18/2015,22.99,23.49,22.85,23.290001,22.891794,8123900,2015
9/21/2015,23.32,23.58,23.200001,23.530001,23.127687,7046000,2015
9/22/2015,23.02,23.18,22.77,22.889999,22.498632,5708900,2015
9/23/2015,22.91,23.139999,22.82,23,22.60675,4040800,2015
9/24/2015,22.860001,23.68,22.5,23.440001,23.039225,9561000,2015
9/25/2015,23.73,24.07,23.379999,23.610001,23.206322,9242300,2015
9/28/2015,23.610001,23.76,23.15,23.299999,22.901617,9889600,2015
9/29/2015,23.549999,23.75,23.219999,23.709999,23.304611,9518400,2015
9/30/2015,23.93,24.68,23.790001,24.65,24.228539,13859800,2015
10/1/2015,24.65,24.719999,23.469999,24.17,23.756742,12232400,2015
10/2/2015,24.040001,24.799999,23.790001,24.799999,24.375971,9653600,2015
10/5/2015,24.959999,25.73,24.83,25.42,24.985373,12050600,2015
10/6/2015,25.15,25.860001,25.049999,25.75,25.309732,11330400,2015
10/7/2015,25.809999,26.280001,25.389999,26.02,25.575111,7753800,2015
10/8/2015,25.91,26.24,25.469999,26.17,25.722548,11501700,2015
10/9/2015,26.030001,26.280001,25.58,26.07,25.62426,10581200,2015
10/12/2015,26.1,26.5,25.91,26.35,25.899473,5689700,2015
10/13/2015,26.139999,26.559999,26.049999,26.4,25.948616,7461100,2015
10/14/2015,26.43,27.790001,26.4,27.360001,26.892204,15303700,2015
10/15/2015,27.41,27.99,27.129999,27.43,26.961004,13151200,2015
10/16/2015,27.52,28.120001,27.450001,27.860001,27.383654,11209900,2015
10/19/2015,27.950001,28.08,27.49,27.809999,27.334509,7367800,2015
10/20/2015,27.690001,27.9,27.48,27.77,27.295193,6610700,2015
10/21/2015,27.940001,28.110001,27.360001,27.41,26.941347,9657000,2015
10/22/2015,27.73,28.49,27.690001,28.4,27.914421,7672100,2015
10/23/2015,28.65,28.780001,28.219999,28.59,28.101173,9544400,2015
10/26/2015,28.610001,28.68,28.200001,28.459999,27.973396,6185900,2015
10/27/2015,28.32,28.620001,28.299999,28.440001,27.953739,5206700,2015
10/28/2015,28.620001,28.67,28.200001,28.67,28.179802,5425900,2015
10/29/2015,28.209999,28.5,27.629999,27.68,27.206732,8176300,2015
10/30/2015,27.98,28.57,27.77,28.370001,27.884933,7529000,2015
11/2/2015,28.459999,28.73,28.290001,28.700001,28.209293,4752200,2015
11/3/2015,28.530001,28.690001,28.18,28.5,28.012712,9419200,2015
11/4/2015,28.42,28.629999,27.9,28.030001,27.550749,11050200,2015
11/5/2015,28.17,28.25,27.629999,27.709999,27.236217,11970000,2015
11/6/2015,30.450001,31.940001,29.82,31.549999,31.010561,29306800,2015
11/9/2015,31.24,31.5,30.969999,31.41,30.872955,12314200,2015
11/10/2015,31,31.17,30.15,30.809999,30.283216,13806500,2015
11/11/2015,30.83,31.049999,30.4,30.51,29.988344,15497400,2015
11/12/2015,30.440001,30.719999,30.27,30.4,29.880224,7277000,2015
11/13/2015,30.43,30.559999,29.65,29.799999,29.290483,7323500,2015
11/16/2015,30.190001,30.42,29.950001,30.4,29.880224,8607000,2015
11/17/2015,30.48,30.66,30.27,30.4,29.880224,6426200,2015
11/18/2015,30.41,31.07,30.08,31.030001,30.615265,8755400,2015
11/19/2015,31.139999,31.43,30.889999,31.120001,30.704063,6351800,2015
11/20/2015,31.35,31.57,31.16,31.389999,30.970455,5993600,2015
11/23/2015,31.65,31.65,30.809999,30.92,30.506737,6063800,2015
11/24/2015,30.92,31.440001,30.780001,31.17,30.753399,4885700,2015
11/25/2015,31.110001,31.48,31.02,31.129999,30.71393,3457500,2015
11/27/2015,31.190001,31.49,31.030001,31.389999,30.970455,2174900,2015
11/30/2015,31.42,31.860001,31.389999,31.719999,31.296045,8181100,2015
12/1/2015,32,32.779999,31.969999,32.75,32.312275,10237400,2015
12/2/2015,32.799999,33.139999,32.43,32.5,32.06562,7356000,2015
12/3/2015,32.759998,33.099998,32.27,32.43,31.996553,6166400,2015
12/4/2015,32.43,33.810001,32.43,33.75,33.298908,11468900,2015
12/7/2015,33.740002,33.740002,33.009998,33.110001,32.667469,8339700,2015
12/8/2015,32.700001,33.700001,32.490002,33.560001,33.111462,7862200,2015
12/9/2015,33.549999,33.75,32.369999,32.709999,32.272812,9316900,2015
12/10/2015,32.810001,33.16,32.700001,32.98,32.5392,5902200,2015
12/11/2015,32.650002,32.880001,32.419998,32.490002,32.055756,5683000,2015
12/14/2015,32.52,32.75,32.18,32.57,32.134686,6897300,2015
12/15/2015,32.939999,33.200001,32.759998,32.970001,32.529343,7682400,2015
12/16/2015,33.040001,33.279999,32.75,33.169998,32.726662,5908900,2015
12/17/2015,33.220001,33.560001,32.650002,32.669998,32.233345,6354000,2015
12/18/2015,32.439999,32.77,32.099998,32.139999,31.710432,9897400,2015
12/21/2015,32.490002,32.93,32.200001,32.900002,32.460278,7105400,2015
12/22/2015,33,33.259998,32.73,32.93,32.489876,3233800,2015
12/23/2015,32.98,33.189999,32.919998,33.060001,32.618134,3063100,2015
12/24/2015,32.959999,33.25,32.91,33.169998,32.726662,1311200,2015
12/28/2015,32.82,33.139999,32.360001,33.139999,32.697067,3550600,2015
12/29/2015,33.16,33.779999,33.07,33.68,33.229843,5091500,2015
12/30/2015,33.650002,33.939999,33.380001,33.389999,32.943722,4508600,2015
12/31/2015,33.34,33.490002,32.959999,32.959999,32.519466,3713200,2015
1/4/2016,32.290001,32.580002,32.040001,32.369999,31.937359,8951900,2016
1/5/2016,32.98,33.439999,32.5,32.889999,32.450405,12256800,2016
1/6/2016,32.349998,32.5,31.16,31.530001,31.108587,11233600,2016
1/7/2016,30.74,30.950001,29.879999,30.280001,29.875292,16132600,2016
1/8/2016,30.67,30.700001,29.57,29.629999,29.233976,9961800,2016
1/11/2016,29.66,29.889999,29.15,29.68,29.28331,10234300,2016
1/12/2016,30.209999,30.620001,29.969999,30.18,29.77663,11733900,2016
1/13/2016,30.41,30.610001,29.23,29.26,28.868925,12041800,2016
1/14/2016,28.66,29,27.82,28.67,28.28681,15005900,2016
1/15/2016,27.52,27.85,26.639999,27.110001,26.74766,21036300,2016
1/19/2016,27.67,28.450001,27.219999,27.33,26.964718,11428500,2016
1/20/2016,26.809999,27.83,26.450001,27.48,27.112713,12029500,2016
1/21/2016,27.780001,28.23,27.209999,27.799999,27.428434,12036400,2016
1/22/2016,28.33,28.639999,28.27,28.450001,28.069752,6449900,2016
1/25/2016,28.440001,28.77,28.360001,28.42,28.040154,6768200,2016
1/26/2016,28.48,28.82,28.190001,28.700001,28.31641,5698600,2016
1/27/2016,28.66,28.75,27.82,28.360001,27.980955,5792500,2016
1/28/2016,28.59,28.690001,27.5,28.049999,27.675095,6919400,2016
1/29/2016,28.290001,29.35,28.18,29.290001,28.898525,7762600,2016
2/1/2016,29.26,29.450001,29.01,29.299999,28.90839,7247100,2016
2/2/2016,29,29.15,27.860001,28.059999,27.684965,8547700,2016
2/3/2016,28.280001,28.450001,27.549999,28.200001,27.823093,8169300,2016
2/4/2016,28.24,28.85,27.93,28.209999,27.832958,8684600,2016
2/5/2016,28.02,28.33,26.35,26.43,26.076748,15010700,2016
2/8/2016,26.030001,26.16,24.85,25.219999,24.882921,15221300,2016
2/9/2016,24.92,26.549999,24.799999,25.49,25.149311,10572700,2016
2/10/2016,25.65,26.389999,25.290001,25.43,25.090117,8395000,2016
2/11/2016,24.780001,25.559999,24.780001,25.299999,24.961853,8503600,2016
2/12/2016,25.700001,25.780001,24.75,25.73,25.386103,8520400,2016
2/16/2016,26.1,27.030001,26.02,26.99,26.629265,12133800,2016
2/17/2016,27.33,27.92,27.219999,27.66,27.290308,19286700,2016
2/18/2016,29.93,30.98,29.9,30.040001,29.6385,26716500,2016
2/19/2016,29.879999,30.709999,29.65,30.440001,30.03315,13140700,2016
2/22/2016,30.879999,31.870001,30.82,31.52,31.098721,11241700,2016
2/23/2016,31.27,31.9,31.120001,31.6,31.177649,9234500,2016
2/24/2016,31.469999,31.870001,30.6,31.82,31.394707,8421300,2016
2/25/2016,31.940001,32.049999,31.32,31.889999,31.46377,8727900,2016
2/26/2016,32.040001,32.119999,31.360001,31.68,31.25658,9049100,2016
2/29/2016,31.610001,32.02,31.34,31.360001,31.053583,8083600,2016
3/1/2016,31.440001,32.75,31.389999,32.75,32.43,8717500,2016
3/2/2016,32.57,33.060001,32.509998,32.939999,32.618141,5845300,2016
3/3/2016,32.900002,33.040001,32.209999,32.650002,32.330982,7544400,2016
3/4/2016,32.900002,32.93,32.299999,32.549999,32.231953,4382600,2016
3/7/2016,32.369999,32.59,31.92,32.34,32.024006,5999200,2016
3/8/2016,32.009998,32.200001,31.65,31.75,31.43977,6873500,2016
3/9/2016,32.029999,32.080002,31.32,31.73,31.419968,5569700,2016
3/10/2016,31.92,32.099998,31.040001,31.68,31.370459,7135600,2016
3/11/2016,32.150002,32.23,31.77,32.220001,31.905182,6935000,2016
3/14/2016,32.07,32.43,31.92,32.299999,31.984398,4757800,2016
3/15/2016,32.130001,32.34,31.57,32.139999,31.82596,5655400,2016
3/16/2016,31.9,33.209999,31.75,33.099998,32.776585,9091100,2016
3/17/2016,32.98,33.139999,32.369999,32.82,32.499317,8842000,2016
3/18/2016,33.209999,34.25,33,33.810001,33.479641,13637800,2016
3/21/2016,33.509998,33.919998,33.150002,33.91,33.578667,8444500,2016
3/22/2016,33.799999,34.09,33.43,33.849998,33.519245,6050300,2016
3/23/2016,34,34.68,33.849998,34.43,34.093586,10725200,2016
3/24/2016,34.119999,34.540001,34.009998,34.48,34.143093,6123900,2016
3/28/2016,34.419998,34.98,34.380001,34.830002,34.489681,6634700,2016
3/29/2016,34.68,35.470001,34.599998,35.389999,35.044205,6543400,2016
3/30/2016,35.52,36.25,35.5,35.759998,35.410591,9417500,2016
3/31/2016,35.919998,36,35.349998,35.630001,35.28186,9497100,2016
4/1/2016,35.41,36.169998,35.139999,36.150002,35.796776,8707300,2016
4/4/2016,36.450001,36.639999,35.66,35.799999,35.450199,9848500,2016
4/5/2016,35.48,36.080002,35.34,35.75,35.400688,8489200,2016
4/6/2016,35.299999,35.82,34.630001,35.799999,35.450199,11321200,2016
4/7/2016,35.57,35.889999,35.279999,35.43,35.083813,9452600,2016
4/8/2016,35.720001,35.950001,35.310001,35.66,35.311573,6398400,2016
4/11/2016,35.869999,36.470001,35.759998,35.880001,35.529419,9688100,2016
4/12/2016,36,36.049999,35.139999,35.84,35.489807,7313600,2016
4/13/2016,36,36.75,36,36.740002,36.38102,8767900,2016
4/14/2016,36.639999,37,36.490002,36.84,36.480038,10409800,2016
4/15/2016,36.830002,37.459999,36.709999,37.130001,36.767204,10924300,2016
4/18/2016,37.060001,37.060001,36.610001,36.970001,36.608776,7680600,2016
4/19/2016,37.110001,37.18,36.080002,36.310001,35.955219,7728800,2016
4/20/2016,36.25,36.669998,36.209999,36.450001,36.093849,5004300,2016
4/21/2016,36.459999,36.630001,36.25,36.41,36.054237,4457000,2016
4/22/2016,36.529999,36.779999,36.150002,36.27,35.915607,5588500,2016
4/25/2016,36.279999,36.650002,36.18,36.450001,36.093849,4799300,2016
4/26/2016,36.669998,37.09,36.32,36.48,36.12355,5363400,2016
4/27/2016,36.389999,37.330002,36.32,37.310001,36.945446,8809900,2016
4/28/2016,37.080002,37.299999,36.110001,36.200001,35.846287,9530600,2016
4/29/2016,36.049999,36.130001,35.139999,35.529999,35.182835,8047600,2016
5/2/2016,35.869999,36.220001,35.700001,36,35.648243,6401900,2016
5/3/2016,35.59,35.740002,35.259998,35.57,35.222443,5600600,2016
5/4/2016,35.139999,35.169998,34.400002,34.759998,34.420357,13133100,2016
5/5/2016,35.049999,35.380001,34.709999,34.970001,34.628304,6172100,2016
5/6/2016,34.91,35.419998,34.84,35.330002,34.984791,4581000,2016
5/9/2016,35.419998,35.57,34.990002,35.279999,34.935276,8333400,2016
5/10/2016,35.5,36.02,35.16,35.959999,35.608631,6712100,2016
5/11/2016,36.07,36.459999,35.869999,36.060001,35.707657,8204400,2016
5/12/2016,36.32,36.48,34.93,35.57,35.222443,16763500,2016
5/13/2016,39.189999,41,39,40.98,40.579582,52756400,2016
5/16/2016,40.669998,42.799999,40.540001,42.189999,41.77776,24325800,2016
5/17/2016,42,42.580002,41.459999,42.279999,41.866882,15709800,2016
5/18/2016,42,43.849998,42,43.360001,42.936337,13526800,2016
5/19/2016,43.189999,43.860001,43.130001,43.549999,43.124474,9972000,2016
5/20/2016,43.82,44.509998,43.75,44.330002,43.896854,9777100,2016
5/23/2016,44.52,44.689999,44.130001,44.400002,43.966171,10324100,2016
5/24/2016,44.419998,45.5,44.299999,45.360001,45.033428,10394700,2016
5/25/2016,45.5,45.689999,44.810001,45.169998,44.844799,11451900,2016
5/26/2016,45.25,45.98,45.119999,45.650002,45.321342,7726200,2016
5/27/2016,45.700001,45.970001,45.549999,45.900002,45.569542,6935400,2016
5/31/2016,46.099998,46.82,46.07,46.720001,46.383636,10313100,2016
6/1/2016,46.5,47.259998,46.360001,46.810001,46.472988,9678300,2016
6/2/2016,47.060001,47.540001,46.599998,47.139999,46.800613,8176500,2016
6/3/2016,46.68,46.740002,45.66,46.48,46.145363,11526900,2016
6/6/2016,46.599998,46.959999,46,46.240002,45.907093,8062800,2016
6/7/2016,46.52,46.779999,46.310001,46.330002,45.996449,4835000,2016
6/8/2016,46.34,46.509998,45.799999,46.18,45.847527,5865400,2016
6/9/2016,46.02,47.450001,45.919998,47.380001,47.038887,11804200,2016
6/10/2016,46.82,47.240002,46.139999,46.200001,45.867382,10000600,2016
6/13/2016,46.25,47.700001,46.25,46.790001,46.453133,11889700,2016
6/14/2016,46.68,47.099998,46.16,46.880001,46.542484,7458600,2016
6/15/2016,47.27,47.77,46.75,47.360001,47.019032,7525900,2016
6/16/2016,47.009998,47.630001,46.549999,47.549999,47.207661,6161400,2016
6/17/2016,47.610001,47.619999,46.529999,46.720001,46.383636,11775000,2016
6/20/2016,47.470001,48.169998,47.439999,47.560001,47.217587,7344200,2016
6/21/2016,47.759998,47.889999,47.200001,47.27,46.929676,5312700,2016
6/22/2016,47.369999,47.68,47.150002,47.23,46.889961,5065500,2016
6/23/2016,47.68,48.540001,47.650002,48.490002,48.140896,7447000,2016
6/24/2016,46.5,47.360001,45.299999,45.73,45.400764,25442100,2016
6/27/2016,45.349998,45.700001,44.57,45.240002,44.914295,11227200,2016
6/28/2016,46.099998,46.150002,45.27,45.900002,45.569542,9548000,2016
6/29/2016,46.299999,47.009998,46.18,46.650002,46.31414,7973300,2016
6/30/2016,46.73,47.299999,46.349998,47.009998,46.671547,10773500,2016
7/1/2016,46.75,47.360001,46.5,46.66,46.324066,5462200,2016
7/5/2016,46.400002,47.43,46.029999,47.349998,47.009098,9277100,2016
7/6/2016,47.02,47.93,46.779999,47.650002,47.306946,6827600,2016
7/7/2016,47.970001,49.060001,47.75,48.889999,48.538013,9871400,2016
7/8/2016,49.41,51.09,49.220001,50.849998,50.483902,12048300,2016
7/11/2016,51.580002,52.400002,51.52,52.02,51.645481,11219400,2016
7/12/2016,52.599998,53.279999,51.939999,52.799999,52.419865,10919000,2016
7/13/2016,52.900002,53.200001,52.700001,52.779999,52.400005,8115100,2016
7/14/2016,53.060001,53.799999,52.619999,53.32,52.936123,7922300,2016
7/15/2016,52.639999,52.939999,51.84,52.700001,52.320583,10715400,2016
7/18/2016,53.349998,53.43,52.77,52.970001,52.588642,6324800,2016
7/19/2016,52.939999,53.73,52.84,53.52,53.134682,9566300,2016
7/20/2016,53.700001,54.509998,53.48,54.220001,53.829643,7411500,2016
7/21/2016,54.099998,54.27,53.040001,53.220001,52.836842,9032700,2016
7/22/2016,53.41,54.669998,53.02,54.669998,54.276398,7894200,2016
7/25/2016,55,55.810001,54.759998,55.68,55.279129,7813200,2016
7/26/2016,56.169998,56.919998,56.09,56.630001,56.22229,12862700,2016
7/27/2016,57.119999,57.220001,55.720001,56.060001,55.656395,11122600,2016
7/28/2016,56.189999,56.599998,56.009998,56.18,55.775532,5547900,2016
7/29/2016,56.389999,57.25,55.380001,57.099998,56.6889,10239700,2016
8/1/2016,57.34,57.549999,56.360001,56.73,56.321571,7528000,2016
8/2/2016,57,57.029999,55.5,56.040001,55.636536,7068700,2016
8/3/2016,55.970001,56.299999,55.66,56.189999,55.785454,7495700,2016
8/4/2016,56.459999,57.490002,56.349998,57.23,56.817966,6788000,2016
8/5/2016,57.889999,58.23,57.610001,58.200001,57.780991,9289700,2016
8/8/2016,59,59.139999,58.119999,58.740002,58.317101,7626600,2016
8/9/2016,59.029999,59.459999,58.740002,58.889999,58.466019,9308600,2016
8/10/2016,59.41,59.5,58.32,58.509998,58.088753,9393500,2016
8/11/2016,58.82,59.950001,58.700001,59.700001,59.270184,15741200,2016
8/12/2016,61.900002,63.380001,60.630001,63.040001,62.586143,35643600,2016
8/15/2016,63.110001,63.5,62.130001,62.98,62.526569,14332600,2016
8/16/2016,62.889999,62.990002,62.41,62.599998,62.149307,7191300,2016
8/17/2016,62.599998,62.740002,60.66,61.150002,60.709747,14880300,2016
8/18/2016,61.060001,62.200001,60.82,62.099998,61.652905,8292100,2016
8/19/2016,62.07,62.73,61.799999,62.259998,61.811752,7289000,2016
8/22/2016,62.450001,62.610001,61.709999,62.52,62.069885,6118700,2016
8/23/2016,63.040001,63.32,62.73,62.91,62.57217,8494100,2016
8/24/2016,63.130001,63.16,61.650002,61.939999,61.607376,7461200,2016
8/25/2016,61.959999,61.990002,60.759998,61.529999,61.199585,10150800,2016
8/26/2016,61.689999,62.380001,61.200001,62.029999,61.696896,7500600,2016
8/29/2016,62.279999,62.529999,61.889999,61.990002,61.657116,6848800,2016
8/30/2016,61.91,62.240002,61.459999,61.630001,61.299049,7138600,2016
8/31/2016,61.75,61.919998,61.16,61.34,61.010597,9713600,2016
9/1/2016,61.389999,63.380001,61.34,63.150002,62.810879,10712300,2016
9/2/2016,63.279999,63.349998,61.82,62.529999,62.194214,8078700,2016
9/6/2016,62.75,63.119999,62.43,63.119999,62.781044,7670300,2016
9/7/2016,62.919998,63.23,61.830002,62.189999,61.856033,9949700,2016
9/8/2016,62.130001,62.740002,61.419998,62.639999,62.303623,7872500,2016
9/9/2016,61.950001,62.299999,59,59.52,59.200378,17444000,2016
9/12/2016,58.73,60.869999,57.32,60.75,60.423771,14956500,2016
9/13/2016,60.599998,61.299999,59.529999,59.869999,59.5485,11794200,2016
9/14/2016,60.009998,60.599998,59.509998,60.400002,60.075653,7976200,2016
9/15/2016,60.5,62.759998,60.360001,62.689999,62.353352,12880300,2016
9/16/2016,62.91,63.25,62.119999,62.84,62.502552,22561100,2016
9/19/2016,63.5,65.260002,63.209999,63.669998,63.328083,10407000,2016
9/20/2016,64.400002,64.400002,62.740002,63.09,62.751205,8277800,2016
9/21/2016,63.279999,64.980003,63.27,64.860001,64.511696,8405300,2016
9/22/2016,65.239998,65.440002,64.650002,65.019997,64.670845,7718300,2016
9/23/2016,65.099998,65.290001,64.660004,64.949997,64.601212,6903300,2016
9/26/2016,64.209999,64.599998,63.529999,64.339996,63.994488,5751000,2016
9/27/2016,64.089996,66.639999,64.059998,66.540001,66.182678,10068800,2016
9/28/2016,66.639999,66.830002,65.93,66.779999,66.421387,7994700,2016
9/29/2016,66.669998,67.610001,66.050003,67.400002,67.038055,8417100,2016
9/30/2016,67.769997,69.190002,67.370003,68.519997,68.152046,10748300,2016
10/3/2016,68.519997,69.510002,68.330002,68.449997,68.08242,6064900,2016
10/4/2016,68.550003,69.699997,67.790001,68.300003,67.933228,7040600,2016
10/5/2016,68.879997,69.580002,68.019997,68.230003,67.863609,7636000,2016
10/6/2016,67.410004,67.830002,66.260002,67.339996,66.978371,9005300,2016
10/7/2016,67.790001,67.970001,66.660004,66.849998,66.491013,7156500,2016
10/10/2016,67.199997,67.559998,66.470001,67.099998,66.739662,7183200,2016
10/11/2016,66.879997,66.980003,65.620003,66.129997,65.774872,9713500,2016
10/12/2016,65.860001,66.779999,65.309998,66.43,66.073265,10498000,2016
10/13/2016,65.650002,65.800003,63.700001,65.349998,64.999069,9752900,2016
10/14/2016,66.150002,66.599998,65.599998,65.989998,65.635628,8265900,2016
10/17/2016,65.980003,66.599998,65.519997,65.610001,65.257668,4883200,2016
10/18/2016,66.519997,66.989998,66.25,66.610001,66.252304,6713500,2016
10/19/2016,66.160004,66.779999,65.82,66.470001,66.11306,4976500,2016
10/20/2016,67.25,67.949997,66.300003,67.730003,67.366295,7802100,2016
10/21/2016,67.489998,67.660004,66.900002,67.540001,67.177307,6987700,2016
10/24/2016,68,70.790001,67.989998,70.709999,70.330276,8495900,2016
10/25/2016,70.589996,72.300003,70.25,71.870003,71.484055,9936500,2016
10/26/2016,71.269997,72.949997,71.199997,72.160004,71.772507,8344800,2016
10/27/2016,72.709999,72.849998,70.389999,70.68,70.300446,9716600,2016
10/28/2016,71.019997,72.099998,70.43,70.559998,70.181091,7271400,2016
10/31/2016,70.790001,71.629997,70.75,71.160004,70.777878,6309700,2016
11/1/2016,71.419998,71.809998,68.290001,69.050003,68.679199,11830600,2016
11/2/2016,69.580002,70.519997,68.639999,68.760002,68.390755,7396200,2016
11/3/2016,69.080002,69.139999,66.639999,67.959999,67.595055,7741600,2016
11/4/2016,67.510002,68.730003,66.580002,67.57,67.207146,8219500,2016
11/7/2016,69.550003,71.720001,69.5,71.269997,70.887276,12189500,2016
11/8/2016,71.540001,71.769997,70.5,71.160004,70.777878,10717500,2016
11/9/2016,69.230003,70.900002,68.720001,69.959999,69.584312,11413300,2016
11/10/2016,71.489998,71.5,66.760002,67.769997,67.406067,21732000,2016
11/11/2016,79.510002,88.769997,78.5,87.970001,87.497597,54383600,2016
11/14/2016,88.089996,88.190002,83.620003,83.639999,83.190842,33702100,2016
11/15/2016,84.290001,87.449997,83.93,86.190002,85.72715,15652300,2016
11/16/2016,87.339996,92.559998,86.349998,91.629997,91.137947,24676400,2016
11/17/2016,92.309998,94.790001,90.650002,92.389999,91.893867,20824700,2016
11/18/2016,92.389999,94.330002,91.800003,93.360001,92.858658,14401500,2016
11/21/2016,94.089996,94.349998,92.400002,92.980003,92.480698,10910900,2016
11/22/2016,93.300003,93.739998,92.379997,93.650002,93.147102,8259200,2016
11/23/2016,93.720001,95.25,92.769997,93.970001,93.605316,11044000,2016
11/25/2016,94.419998,95.099998,93.410004,94.160004,93.794586,4889100,2016
11/28/2016,93.870003,94.739998,93.599998,94.110001,93.744766,6968400,2016
11/29/2016,94,94.440002,92.529999,93.25,92.8881,11114200,2016
11/30/2016,93.599998,94.160004,92.099998,92.199997,91.842186,11012500,2016
12/1/2016,92.099998,92.169998,84.769997,87.639999,87.299881,25888100,2016
12/2/2016,86.25,88.800003,85.120003,88.449997,88.106735,11957300,2016
12/5/2016,89.989998,92.610001,89,91.879997,91.523422,15057100,2016
12/6/2016,92.209999,93.730003,91.57,93.389999,93.027565,12469900,2016
12/7/2016,92.839996,95.300003,92.099998,95.07,94.701042,12020100,2016
12/8/2016,95.190002,96.620003,93.050003,93.480003,93.117218,9538600,2016
12/9/2016,94.199997,94.269997,90.709999,91.82,91.463654,9557800,2016
12/12/2016,89.849998,89.949997,87.540001,89.589996,89.242302,15033300,2016
12/13/2016,90.089996,92.290001,90.050003,91.169998,90.816185,9694900,2016
12/14/2016,92.540001,97.110001,91.57,96.449997,96.075676,24599500,2016
12/15/2016,96.900002,99.940002,96.599998,98.709999,98.326912,18663700,2016
12/16/2016,99.830002,100.699997,97.730003,100.410004,100.020325,26861700,2016
12/19/2016,99.699997,102.449997,99,101.629997,101.23558,18616400,2016
12/20/2016,104.580002,106.129997,104.120003,105.169998,104.761848,21201400,2016
12/21/2016,105.639999,105.949997,103.709999,105.830002,105.419289,14403400,2016
12/22/2016,106.82,108.870003,106.529999,107.110001,106.694313,17965300,2016
12/23/2016,106.379997,109.839996,106.269997,109.779999,109.353958,16168700,2016
12/27/2016,112.059998,117.360001,111.220001,117.32,116.864693,29856800,2016
12/28/2016,119.599998,119.93,108.690002,109.25,108.826019,57394100,2016
12/29/2016,104.900002,111.489998,102.800003,111.43,110.997551,54036800,2016
12/30/2016,111.349998,111.919998,106.300003,106.739998,106.325752,30323300,2016
1/3/2017,104.400002,106.370003,99.379997,102.010002,101.61412,37549900,2017
1/4/2017,103.400002,105.5,101.529999,104.389999,103.984879,29980500,2017
1/5/2017,104.529999,105.82,101.050003,101.739998,101.345154,24607400,2017
1/6/2017,102.849998,104.25,101.199997,103.099998,102.699883,20571400,2017
1/9/2017,103.5,108,103.5,107.279999,106.863663,22857700,2017
1/10/2017,107.809998,109.190002,105.629997,106.470001,106.056801,22023000,2017
1/11/2017,106,106.199997,104.150002,105.160004,104.751884,13141600,2017
1/12/2017,104.230003,104.699997,101.620003,103.440002,103.038567,15640400,2017
1/13/2017,103.599998,105,103.059998,103.43,103.028595,11445500,2017
1/17/2017,103,103.199997,100.57,101.110001,100.717606,14497600,2017
1/18/2017,100.239998,103.230003,99.110001,102.949997,102.550461,16360600,2017
1/19/2017,103.07,106.459999,102.980003,105.160004,104.751884,16121800,2017
1/20/2017,106.080002,106.800003,103.120003,104.010002,103.606346,12300600,2017
1/23/2017,103.800003,105.900002,103.699997,105.089996,104.682152,9247600,2017
1/24/2017,105.5,107.580002,104.900002,107.330002,106.913467,10701300,2017
1/25/2017,109.050003,109.300003,106.330002,107.790001,107.371681,13069000,2017
1/26/2017,107.900002,109.949997,106.699997,109.650002,109.224464,11470000,2017
1/27/2017,109.93,111.889999,108.849998,111.769997,111.336227,11799900,2017
1/30/2017,110.919998,111.010002,107.910004,110.019997,109.593018,12400100,2017
1/31/2017,108.949997,110.050003,108.199997,109.18,108.756279,9068900,2017
2/1/2017,110.580002,114.120003,109.860001,113.949997,113.507767,14750100,2017
2/2/2017,113.300003,115.739998,112.059998,115.389999,114.942184,12081000,2017
2/3/2017,115.449997,115.900002,113.900002,114.379997,113.936104,9318600,2017
2/6/2017,114,117.330002,114,117.309998,116.854736,12669200,2017
2/7/2017,118.699997,120.919998,117.900002,119.129997,118.667664,18655600,2017
2/8/2017,118.400002,119.309998,116.379997,118.610001,118.149681,11239500,2017
2/9/2017,118.860001,119.059998,115.599998,116.379997,115.928345,21064200,2017
2/10/2017,119.93,120.699997,112.599998,113.620003,113.179062,41277300,2017
2/13/2017,113.389999,113.980003,108.199997,108.379997,107.959381,29518100,2017
2/14/2017,107.989998,110.150002,106.290001,108.779999,108.357834,21247300,2017
2/15/2017,108.900002,109.800003,107.760002,109,108.576988,9325500,2017
2/16/2017,109.389999,109.440002,105.660004,107.25,106.833771,16179400,2017
2/17/2017,106.699997,107.410004,104.790001,107.230003,106.81385,14093500,2017
2/21/2017,108.230003,111.230003,108.220001,111.07,110.638954,13798800,2017
2/22/2017,111.419998,111.800003,109.989998,110.760002,110.469391,10844300,2017
2/23/2017,105.5,106.389999,99.68,100.489998,100.226341,39822200,2017
2/24/2017,97.07,102,95.699997,101.459999,101.193794,25747600,2017
2/27/2017,102.199997,105.019997,101.559998,104.410004,104.136063,17885000,2017
2/28/2017,104.800003,105.199997,100.779999,101.480003,101.213745,15634000,2017
3/1/2017,103.790001,104.370003,101.110001,102.790001,102.520302,12620100,2017
3/2/2017,102.269997,102.839996,98.889999,99,98.74025,18858300,2017
3/3/2017,98.57,98.769997,96.220001,98.43,98.171745,21617300,2017
3/6/2017,96.959999,98.099998,95.169998,97.669998,97.413734,22089200,2017
3/7/2017,97.669998,99.529999,97.150002,98.739998,98.480934,15085000,2017
3/8/2017,100.699997,101.300003,98.470001,98.559998,98.301399,15967800,2017
3/9/2017,97.910004,99.449997,97.400002,98.540001,98.281456,11951500,2017
3/10/2017,99.610001,100.089996,98.379997,99.120003,98.85994,12493500,2017
3/13/2017,99.540001,102.25,99.510002,101.849998,101.582771,19353400,2017
3/14/2017,102.370003,102.75,100.470001,101.779999,101.512955,13050400,2017
3/15/2017,102.25,102.989998,100.32,102.550003,102.280945,15375900,2017
3/16/2017,102.980003,103.830002,102.410004,103.809998,103.537636,13077500,2017
3/17/2017,104.519997,106.120003,103.809998,106.07,105.791695,27992200,2017
3/20/2017,106.779999,109.610001,106.129997,109.449997,109.162827,18714200,2017
3/21/2017,108.75,109.959999,105.589996,105.910004,105.632126,22837100,2017
3/22/2017,105.459999,108.260002,105.300003,108.07,107.786453,15419100,2017
3/23/2017,107.75,108.559998,106.699997,107.089996,106.809021,13348500,2017
3/24/2017,108.970001,109.290001,106.419998,107.470001,107.188026,10987500,2017
3/27/2017,105.580002,108.410004,103.580002,108.25,107.965973,12666100,2017
3/28/2017,108.300003,108.889999,107.269997,107.690002,107.407455,10811100,2017
3/29/2017,107.989998,108.489998,107.25,107.339996,107.058365,8749800,2017
3/30/2017,107.629997,110,107.400002,109.400002,109.112968,13138300,2017
3/31/2017,109.010002,109.889999,108.400002,108.93,108.644203,11020200,2017
4/3/2017,108.949997,109.650002,107.419998,108.379997,108.095634,11130800,2017
4/4/2017,103.400002,104.419998,100.339996,100.779999,100.515587,31782000,2017
4/5/2017,100.019997,102.370003,99.5,100.029999,99.767548,18676200,2017
4/6/2017,100.239998,101.25,98.410004,100.760002,100.495636,15878000,2017
4/7/2017,101.019997,101.730003,99.720001,100.330002,100.066765,10726700,2017
4/10/2017,100.360001,100.629997,97.599998,97.769997,97.513474,18908300,2017
4/11/2017,96.550003,98.900002,96.349998,98.120003,97.862556,15453700,2017
4/12/2017,98.120003,98.699997,97.099998,97.309998,97.05468,10352300,2017
4/13/2017,96.330002,97.209999,95.489998,95.489998,95.239456,12672300,2017
4/17/2017,96.010002,99.239998,95.800003,99.230003,98.96965,12432300,2017
4/18/2017,98.650002,99.540001,97.599998,99.290001,99.029488,9252900,2017
4/19/2017,100,100.980003,99.410004,99.68,99.418465,9520700,2017
4/20/2017,100.269997,101.449997,99.410004,101.260002,100.994316,10100400,2017
4/21/2017,100.839996,101.790001,100.360001,101.68,101.413216,8547400,2017
4/24/2017,102.959999,103.480003,102.110001,102.949997,102.679886,9295500,2017
4/25/2017,103.540001,105.330002,102.669998,104.739998,104.465195,9711000,2017
4/26/2017,105.290001,105.389999,103.940002,104.019997,103.74707,8175100,2017
4/27/2017,104.32,105.980003,103.589996,105.639999,105.362823,7992500,2017
4/28/2017,105.360001,105.639999,104.07,104.300003,104.026344,8677600,2017
5/1/2017,104.739998,106.849998,104.449997,106.639999,106.360207,7693300,2017
5/2/2017,105.550003,105.599998,102.559998,103.480003,103.208504,15749300,2017
5/3/2017,103.199997,104.639999,102.599998,104.25,103.976479,8422600,2017
5/4/2017,104.5,104.949997,103.529999,103.849998,103.577522,5244700,2017
5/5/2017,103.379997,104.150002,102.75,103.860001,103.587502,5710700,2017
5/8/2017,104.339996,104.400002,102.309998,102.769997,102.500351,9131000,2017
5/9/2017,103,104.93,102.660004,102.940002,102.669922,21191800,2017
5/10/2017,114.290001,121.82,114.019997,121.290001,120.971764,53227400,2017
5/11/2017,120.050003,130.429993,119.910004,126.5,126.168098,48494800,2017
5/12/2017,126.629997,129.600006,125.779999,127.889999,127.554443,24065500,2017
5/15/2017,129.559998,134.410004,129.380005,134.309998,133.957596,27188500,2017
5/16/2017,136.380005,137.440002,133.360001,136.809998,136.451035,28017500,2017
5/17/2017,134.100006,134.860001,127.550003,127.720001,127.384903,31784200,2017
5/18/2017,129.5,133.429993,127.050003,133.070007,132.720871,28900800,2017
5/19/2017,137.029999,138.220001,135.220001,136,135.786026,25459300,2017
5/22/2017,137.770004,139.479996,137.330002,138.899994,138.681473,20915200,2017
5/23/2017,139.699997,139.789993,135.710007,137.029999,136.814407,17031200,2017
5/24/2017,140.960007,141.070007,138.080002,138.570007,138.352005,20399900,2017
5/25/2017,140,140.029999,136.440002,138.259995,138.04248,15205700,2017
5/26/2017,137.929993,145.279999,137.110001,141.839996,141.616837,19478500,2017
5/30/2017,143.699997,146.289993,143.050003,144.869995,144.642059,24741300,2017
5/31/2017,146.690002,147,142.050003,144.350006,144.122894,22182900,2017
6/1/2017,144.990005,145.029999,142.520004,144.360001,144.132874,12583500,2017
6/2/2017,144.240005,145.300003,143.399994,143.639999,143.414001,12186400,2017
6/5/2017,142.979996,148.529999,142.509995,148.009995,147.777115,20434400,2017
6/6/2017,147.820007,149.690002,146.800003,147.339996,147.108185,18968200,2017
6/7/2017,148.330002,149.880005,147.699997,149.119995,148.885376,15315300,2017
6/8/2017,153.460007,160,151.789993,159.940002,159.68837,28579300,2017
6/9/2017,164.740005,168.5,142.75,149.600006,149.364639,92323200,2017
6/12/2017,145.880005,151.699997,142.110001,149.970001,149.734039,42438300,2017
6/13/2017,154.399994,154.770004,145.649994,151.399994,151.161789,41812600,2017
6/14/2017,151.520004,154.059998,148.5,151.720001,151.481308,29616000,2017
6/15/2017,146.960007,153.600006,146.5,152.369995,152.130264,24095600,2017
6/16/2017,152.759995,154.699997,150.240005,151.619995,151.381439,23124000,2017
6/19/2017,153.410004,157.529999,153.259995,157.320007,157.072495,19454400,2017
6/20/2017,159.029999,161.740005,156.919998,157.089996,156.84285,27386100,2017
6/21/2017,158.210007,159.619995,155.699997,159.470001,159.219101,17066300,2017
6/22/2017,159.800003,160.339996,157.399994,158.369995,158.120834,11728300,2017
6/23/2017,158.679993,159.320007,153.220001,153.830002,153.587982,27214700,2017
6/26/2017,155.160004,156.600006,148.330002,152.149994,151.910614,26599000,2017
6/27/2017,151.440002,151.789993,146.350006,146.580002,146.34938,24987300,2017
6/28/2017,149.320007,151.940002,145.75,151.75,151.511246,24873700,2017
6/29/2017,150.600006,150.720001,144.080002,146.679993,146.449219,26610600,2017
6/30/2017,147.380005,147.929993,143.5,144.559998,144.33255,18276500,2017
7/3/2017,145.050003,145.649994,138.580002,139.330002,139.110794,17726800,2017
7/5/2017,141.899994,144.220001,141.130005,143.050003,142.824936,20504700,2017
7/6/2017,141.869995,145.380005,139.759995,143.479996,143.254257,18657100,2017
7/7/2017,145.779999,147.5,144.850006,146.759995,146.529099,16374300,2017
7/10/2017,149.740005,154,148.679993,153.699997,153.458176,23962300,2017
7/11/2017,153.850006,156.190002,152.149994,155.880005,155.634766,18948900,2017
7/12/2017,158.300003,163,156.559998,162.509995,162.254318,28630200,2017
7/13/2017,163,166.300003,158.75,160.630005,160.377289,34228300,2017
7/14/2017,161.289993,165.009995,161.009995,164.949997,164.690475,23548700,2017
7/17/2017,166.330002,167.5,161.75,164.25,163.991577,23269800,2017
7/18/2017,161.779999,166.550003,161.300003,165.960007,165.698898,19416000,2017
7/19/2017,166.330002,167.399994,164.610001,165.100006,164.840256,17176100,2017
7/20/2017,165.929993,167.509995,163.910004,167.5,167.236465,17489900,2017
7/21/2017,166.669998,169.300003,166.089996,168.100006,167.835526,16208300,2017
7/24/2017,168.389999,168.779999,165.720001,166.149994,165.888596,16313100,2017
7/25/2017,165.220001,165.929993,163.580002,165.350006,165.089859,12413900,2017
7/26/2017,167.679993,169.929993,165.850006,167.259995,166.996841,16010100,2017
7/27/2017,168.270004,168.740005,157.559998,161.740005,161.485535,19571400,2017
7/28/2017,160.289993,165.380005,159.279999,164.389999,164.131363,12833700,2017
7/31/2017,164.940002,166.399994,160.619995,162.509995,162.254318,13991800,2017
8/1/2017,162.130005,164.559998,161,164.490005,164.231201,10784600,2017
8/2/2017,165.75,165.910004,161.270004,164.389999,164.131363,11961100,2017
8/3/2017,164.369995,166.630005,163.679993,166.479996,166.218079,11060500,2017
8/4/2017,167.399994,170.070007,166.479996,167.210007,166.946945,14727400,2017
8/7/2017,168.389999,172.369995,168,172.350006,172.078842,17935300,2017
8/8/2017,173.889999,174.559998,168.710007,170.300003,170.032059,18883400,2017
8/9/2017,168.429993,172.210007,167.669998,172.110001,171.839218,13269600,2017
8/10/2017,172.160004,172.660004,164.330002,164.740005,164.48082,33202200,2017
8/11/2017,157.139999,159,152.910004,155.960007,155.71463,37429900,2017
8/14/2017,159.669998,168.550003,159.199997,168.399994,168.135056,31818000,2017
8/15/2017,168.610001,169.669998,165.589996,166.979996,166.717285,19113300,2017
8/16/2017,167.589996,168.539993,163.839996,165.149994,164.890152,14915800,2017
8/17/2017,164.809998,165.5,161.380005,161.470001,161.215973,13136100,2017
8/18/2017,163.669998,164.360001,159.639999,161.5,161.245911,15030100,2017
8/21/2017,162.490005,162.949997,157.369995,159.149994,158.899597,15591800,2017
8/22/2017,160.490005,162.789993,159.710007,162.550003,162.437149,11261400,2017
8/23/2017,161.199997,166.25,160.850006,165.800003,165.684891,14488000,2017
8/24/2017,167.100006,167.279999,164.119995,165.190002,165.075317,11742500,2017
8/25/2017,166.169998,166.580002,163.550003,163.809998,163.696274,8930000,2017
8/28/2017,164.580002,165.100006,162.330002,164.970001,164.855469,9737400,2017
8/29/2017,162.589996,165.580002,162.259995,164.699997,164.585648,8102400,2017
8/30/2017,165.5,166.130005,164.270004,165.679993,165.564972,9610000,2017
8/31/2017,166.5,169.600006,166.199997,169.440002,169.322357,15317100,2017
9/1/2017,169.949997,171.899994,169.600006,170.460007,170.34166,11135800,2017
9/5/2017,168.380005,168.580002,163.559998,165.910004,165.794815,17384100,2017
9/6/2017,167.240005,167.800003,164.399994,165.809998,165.694885,9941800,2017
9/7/2017,166.490005,167.889999,164.949997,166.580002,166.464355,8821700,2017
9/8/2017,166.110001,166.710007,162.710007,163.690002,163.576355,12471400,2017
9/11/2017,165.539993,169.429993,165.320007,169,168.88266,14186100,2017
9/12/2017,170,170,166.970001,169.610001,169.492249,10287200,2017
9/13/2017,168.589996,171.539993,167.279999,170.369995,170.251709,14524000,2017
9/14/2017,168.789993,172.559998,167.800003,169.399994,169.282379,12842800,2017
9/15/2017,172.860001,180.110001,172.649994,180.110001,179.984955,34119800,2017
9/18/2017,185.139999,191.199997,184.860001,187.550003,187.419785,42111500,2017
9/19/2017,185.509995,189.850006,184.619995,187.350006,187.21994,21857000,2017
9/20/2017,187.5,189.419998,184.210007,185.839996,185.710968,18123000,2017
9/21/2017,181.639999,182.699997,177.610001,180.759995,180.634491,26890000,2017
9/22/2017,180.300003,182.309998,178.600006,179,178.875732,12280800,2017
9/25/2017,177.75,177.800003,170.160004,171,170.881287,21864500,2017
9/26/2017,176.449997,178.679993,170.350006,171.960007,171.840622,28140500,2017
9/27/2017,175.619995,176.270004,172.75,175.729996,175.607986,17843000,2017
9/28/2017,176.020004,176.179993,173.759995,175.679993,175.558029,10881100,2017
9/29/2017,179.080002,179.729996,177.25,178.770004,178.645889,15477300,2017
10/2/2017,180.800003,181.979996,177,179,178.875732,12587000,2017
10/3/2017,179.25,180.580002,177.580002,179.369995,179.245468,9758300,2017
10/4/2017,179.619995,181.770004,178.139999,180.869995,180.744415,10696200,2017
10/5/2017,181.860001,182,179.559998,180.770004,180.644501,10934100,2017
10/6/2017,179.649994,181.839996,179,181.300003,181.174133,7970000,2017
10/9/2017,182.789993,186.729996,182.029999,185.389999,185.261292,14087300,2017
10/10/2017,191.429993,192.949997,187.259995,188.929993,188.798828,24371900,2017
10/11/2017,189.600006,191,187.740005,190.940002,190.807434,13237700,2017
10/12/2017,191.080002,193.089996,189.929993,191.029999,190.897369,13207300,2017
10/13/2017,193.550003,195,191.649994,194.589996,194.454895,15718200,2017
10/16/2017,195.800003,198.050003,193.240005,197.929993,197.792572,14416000,2017
10/17/2017,197.089996,198.899994,196.350006,197.75,197.612701,11964900,2017
10/18/2017,198.110001,198.139999,193.320007,197.580002,197.442825,14182900,2017
10/19/2017,194.440002,198,192.449997,197.800003,197.662674,14269300,2017
10/20/2017,198.490005,199.589996,196.539993,196.899994,196.76329,11290500,2017
10/23/2017,197.779999,198.850006,195.800003,196.619995,196.48349,10717400,2017
10/24/2017,196.990005,198.75,195.940002,198.679993,198.542053,10181100,2017
10/25/2017,197.080002,199.220001,191.169998,193.660004,193.525543,20704000,2017
10/26/2017,194.779999,196.160004,193.809998,195.690002,195.554138,8068600,2017
10/27/2017,197.800003,201.869995,196.75,201.860001,201.719849,14304800,2017
10/30/2017,201.860001,206.089996,201.220001,203.839996,203.698471,12601400,2017
10/31/2017,205.130005,207.889999,204.899994,206.809998,206.666412,10297700,2017
11/1/2017,209.350006,209.970001,204.600006,207.199997,207.056137,12564400,2017
11/2/2017,206,207.809998,203.649994,205.940002,205.797028,8557700,2017
11/3/2017,207.199997,208.690002,205.339996,208.690002,208.54512,8841000,2017
11/6/2017,207.199997,209.979996,206.699997,209.630005,209.484467,9748600,2017
11/7/2017,210.550003,212.899994,210.059998,212.029999,211.882797,10692500,2017
11/8/2017,211.850006,212,207.240005,209.160004,209.014786,13074700,2017
11/9/2017,205.270004,206.330002,200.369995,205.320007,205.17746,24464100,2017
11/10/2017,213.080002,218.669998,211.630005,216.139999,215.989944,31331400,2017
11/13/2017,216.139999,217.169998,212.009995,212.630005,212.482376,14559400,2017
11/14/2017,213,214.800003,211.229996,214.179993,214.031296,13232300,2017
11/15/2017,211.949997,212,207.800003,209.979996,209.834213,12548700,2017
11/16/2017,212.979996,214.199997,211.25,211.610001,211.463089,11044200,2017
11/17/2017,213.919998,215.350006,210.75,211.360001,211.213257,12891600,2017
11/20/2017,211.990005,214.570007,210.5,214.080002,213.931366,9902500,2017
11/21/2017,215.690002,216.520004,214.399994,216.050003,215.900009,9979400,2017
11/22/2017,217,217,213.610001,214.929993,214.929993,8916000,2017
11/24/2017,215.589996,217,214.600006,216.960007,216.960007,4518800,2017
11/27/2017,217.309998,217.360001,214.009995,214.139999,214.139999,10572400,2017
11/28/2017,214.350006,214.729996,208.240005,210.710007,210.710007,12818800,2017
11/29/2017,210.009995,210.119995,191.229996,196.419998,196.419998,34919700,2017
11/30/2017,199.199997,202.679993,196.649994,200.710007,200.710007,20594200,2017
12/1/2017,199.309998,200.130005,192.470001,197.679993,197.679993,20288700,2017
12/4/2017,200.050003,200.300003,184.5,186.660004,186.660004,31021100,2017
12/5/2017,182.399994,192.699997,180.580002,187.740005,187.740005,24537200,2017
12/6/2017,185.699997,190.139999,184.839996,189.259995,189.259995,11675800,2017
12/7/2017,191.960007,193.600006,190.119995,191.990005,191.990005,13565000,2017
12/8/2017,194.009995,194.779999,191.149994,191.490005,191.490005,11671900,2017
12/11/2017,192.059998,194.779999,191.419998,194.660004,194.660004,9318700,2017
12/12/2017,192.899994,193.839996,189.889999,190.839996,190.839996,11375400,2017
12/13/2017,192.5,192.550003,185.880005,186.179993,186.179993,13857000,2017
12/14/2017,185.919998,189.339996,184.600006,186.470001,186.470001,10954100,2017
12/15/2017,188.25,192.380005,185.619995,191.559998,191.559998,16750900,2017
12/18/2017,193.199997,198.020004,192,197.899994,197.899994,11942600,2017
12/19/2017,197.520004,197.729996,194.960007,196.110001,196.110001,9327500,2017
12/20/2017,197.699997,198.070007,194.550003,196.800003,196.800003,7220500,2017
12/21/2017,196.940002,197.949997,195.550003,195.889999,195.889999,7522600,2017
12/22/2017,194.399994,195.649994,191.25,195.270004,195.270004,11656900,2017
12/26/2017,193.029999,197.75,191.820007,197.440002,197.440002,8877000,2017
12/27/2017,196.899994,199.970001,196.309998,197.169998,197.169998,8237200,2017
12/28/2017,198.130005,199.380005,197.149994,197.399994,197.399994,6006200,2017
12/29/2017,198.460007,198.460007,193.5,193.5,193.5,6999100,2017
1/2/2018,195.779999,199.5,194.5,199.350006,199.350006,8890400,2018
1/3/2018,204.100006,213.699997,203.75,212.470001,212.470001,22867600,2018
1/4/2018,215.759995,218.050003,212.690002,213.589996,213.589996,14581700,2018
1/5/2018,214.190002,216.910004,211.080002,215.399994,215.399994,14503100,2018
1/8/2018,220.399994,225,218.580002,222,222,22030400,2018
1/9/2018,222.220001,223.820007,218.639999,221.940002,221.940002,12425000,2018
1/10/2018,218.199997,223.820007,216,223.679993,223.679993,14566600,2018
1/11/2018,225,226.270004,223.210007,224.080002,224.080002,10150800,2018
1/12/2018,223.600006,224.990005,221.339996,222.979996,222.979996,8997900,2018
1/16/2018,224.050003,227.509995,216.690002,220.110001,220.110001,17558700,2018
1/17/2018,220.699997,225.119995,216.899994,224.720001,224.720001,13460200,2018
1/18/2018,223.940002,226.639999,222.679993,224.440002,224.440002,10215800,2018
1/19/2018,228.089996,231.089996,227,230.110001,230.110001,15234500,2018
1/22/2018,230.429993,233.759995,228.100006,233.690002,233.690002,13773600,2018
1/23/2018,235.850006,239.830002,235.100006,238.910004,238.910004,11880700,2018
1/24/2018,239.039993,240.490005,233.550003,235.800003,235.800003,14499300,2018
1/25/2018,238,239.75,235.75,236.350006,236.350006,10247100,2018
1/26/2018,238.119995,243.339996,237.600006,243.330002,243.330002,12908900,2018
1/29/2018,242.740005,248.110001,240.610001,246.850006,246.850006,11377900,2018
1/30/2018,241.110001,246.419998,238.410004,242.720001,242.720001,14270800,2018
1/31/2018,245.770004,249.270004,244.449997,245.800003,245.800003,11964400,2018
2/1/2018,238.520004,246.899994,238.059998,240.5,240.5,12980600,2018
2/2/2018,237,237.970001,231.169998,233.520004,233.520004,17961600,2018
2/5/2018,227,233.229996,205,213.699997,213.699997,28869000,2018
