,Date,Open,High,Low,Close,Adj Close,Volume
1,31-Dec-14,46.73,47.439999,46.450001,46.450001,42.848763,21552500
2,2-Jan-15,46.66,47.419998,46.540001,46.759998,43.134731,27913900
3,5-Jan-15,46.369999,46.73,46.25,46.330002,42.738068,39673900
4,6-Jan-15,46.380001,46.75,45.540001,45.650002,42.110783,36447900
5,7-Jan-15,45.98,46.459999,45.490002,46.23,42.645817,29114100
6,8-Jan-15,46.75,47.75,46.720001,47.59,43.900375,29645200
7,9-Jan-15,47.610001,47.82,46.900002,47.189999,43.531395,23942800
8,12-Jan-15,47.419998,47.540001,46.360001,46.599998,42.987129,23651900
9,13-Jan-15,46.970001,47.91,46.060001,46.360001,42.765747,35270600
10,14-Jan-15,45.959999,46.240002,45.619999,45.959999,42.396751,29719600
11,15-Jan-15,46.220001,46.380001,45.41,45.48,41.95396,32750800
12,16-Jan-15,45.310001,46.279999,45.169998,46.240002,42.655041,35695300
13,20-Jan-15,46.299999,46.650002,45.57,46.389999,42.793415,36041400
14,21-Jan-15,45.939999,46.139999,45.48,45.919998,42.359848,39081100
15,22-Jan-15,46.380001,47.139999,46.080002,47.130001,43.476044,35898000
16,23-Jan-15,47.360001,47.389999,46.799999,47.18,43.522167,26047800
17,26-Jan-15,47,47.130001,46.240002,47.009998,43.365345,42525500
18,27-Jan-15,42.950001,43.200001,42.110001,42.66,39.352604,169164000
19,28-Jan-15,42.740002,42.790001,41.16,41.189999,37.996563,84507100
20,29-Jan-15,40.93,42.119999,40.790001,42.009998,38.752987,63585300
21,30-Jan-15,41.549999,41.580002,40.349998,40.400002,37.267815,78004900
22,2-Feb-15,40.59,41.369999,40.23,41.279999,38.079586,50352500
23,3-Feb-15,41.630001,41.93,41.049999,41.599998,38.374779,51890200
24,4-Feb-15,41.939999,42.209999,41.360001,41.84,38.596184,41614800
25,5-Feb-15,42.220001,42.639999,41.860001,42.450001,39.158878,36548200
26,6-Feb-15,42.68,42.790001,42.150002,42.41,39.121983,34311700
27,9-Feb-15,42.240002,42.740002,42.209999,42.360001,39.075859,31381100
28,10-Feb-15,42.740002,42.77,42.18,42.599998,39.297249,29670700
29,11-Feb-15,42.650002,42.650002,42.209999,42.380001,39.094307,38262500
30,12-Feb-15,42.66,43.09,42.509998,43.09,39.749268,33268800
31,13-Feb-15,43.380001,43.869999,43.150002,43.869999,40.468792,40264900
32,17-Feb-15,43.970001,44,43.189999,43.580002,40.487366,33695700
33,18-Feb-15,43.630001,43.700001,43.389999,43.529999,40.440918,27074900
34,19-Feb-15,43.18,43.529999,43.049999,43.5,40.413048,27603400
35,20-Feb-15,43.509998,43.880001,43.290001,43.860001,40.747498,29721100
36,23-Feb-15,43.700001,44.189999,43.650002,44.150002,41.016922,32518800
37,24-Feb-15,44.150002,44.299999,43.919998,44.09,40.961182,25253000
38,25-Feb-15,43.950001,44.09,43.799999,43.990002,40.868279,29759800
39,26-Feb-15,43.990002,44.23,43.889999,44.060001,40.933308,28957300
40,27-Feb-15,44.130001,44.200001,43.66,43.849998,40.738205,33807700
41,2-Mar-15,43.669998,44.189999,43.549999,43.880001,40.766083,31924000
42,3-Mar-15,43.560001,43.830002,43.09,43.279999,40.20866,31748600
43,4-Mar-15,43.009998,43.209999,42.880001,43.060001,40.004272,25705800
44,5-Mar-15,43.07,43.240002,42.82,43.110001,40.050724,23193500
45,6-Mar-15,43,43.110001,42.150002,42.360001,39.353951,36248800
46,9-Mar-15,42.189999,43.130001,42.189999,42.849998,39.809166,32108000
47,10-Mar-15,42.349998,42.709999,42.029999,42.029999,39.047363,38506100
48,11-Mar-15,42.310001,42.369999,41.84,41.98,39.000904,32215300
49,12-Mar-15,41.330002,41.650002,40.860001,41.02,38.109039,59992500
50,13-Mar-15,40.700001,41.470001,40.610001,41.380001,38.443489,58007700
51,16-Mar-15,41.470001,41.639999,41.279999,41.560001,38.610714,35273500
52,17-Mar-15,41.369999,41.830002,41.150002,41.700001,38.740784,31587200
53,18-Mar-15,41.43,42.830002,41.330002,42.5,39.484009,43971800
54,19-Mar-15,42.259998,42.59,42.220001,42.290001,39.288918,33879100
55,20-Mar-15,42.560001,42.98,42.490002,42.880001,39.837051,71904500
56,23-Mar-15,42.880001,43.130001,42.779999,42.860001,39.818462,26049000
57,24-Mar-15,42.779999,43.169998,42.75,42.900002,39.855629,25513300
58,25-Mar-15,42.919998,42.93,41.439999,41.459999,38.517811,43469900
59,26-Mar-15,41.220001,41.610001,40.919998,41.209999,38.285557,37495600
60,27-Mar-15,41.119999,41.43,40.830002,40.970001,38.062588,33820300
61,30-Mar-15,41.099998,41.540001,40.91,40.959999,38.053295,35049700
62,31-Mar-15,40.779999,41.029999,40.540001,40.66,37.774593,34887200
63,1-Apr-15,40.599998,40.759998,40.310001,40.720001,37.83033,36752000
64,2-Apr-15,40.66,40.740002,40.119999,40.290001,37.43084,37487500
65,6-Apr-15,40.34,41.779999,40.18,41.549999,38.601429,39223700
66,7-Apr-15,41.610001,41.91,41.310001,41.529999,38.582848,28809400
67,8-Apr-15,41.459999,41.689999,41.040001,41.419998,38.480652,24753400
68,9-Apr-15,41.25,41.619999,41.25,41.48,38.536404,25723900
69,10-Apr-15,41.630001,41.950001,41.41,41.720001,38.759365,28022000
70,13-Apr-15,41.400002,42.060001,41.389999,41.759998,38.796524,30276700
71,14-Apr-15,41.799999,42.029999,41.389999,41.650002,38.694324,24078000
72,15-Apr-15,41.759998,42.459999,41.68,42.259998,39.261036,27343600
73,16-Apr-15,41.950001,42.34,41.82,42.16,39.16814,22509700
74,17-Apr-15,41.669998,41.740002,41.16,41.619999,38.666462,42387600
75,20-Apr-15,41.73,43.169998,41.68,42.91,39.864918,45738800
76,21-Apr-15,43,43.150002,42.529999,42.639999,39.614071,26013800
77,22-Apr-15,42.669998,43.130001,42.549999,42.990002,39.939236,25064300
78,23-Apr-15,42.889999,43.610001,42.799999,43.34,40.2644,46309500
79,24-Apr-15,45.66,48.139999,45.650002,47.869999,44.472935,130933700
80,27-Apr-15,47.23,48.130001,47.220001,48.029999,44.621574,59248200
81,28-Apr-15,47.779999,49.209999,47.700001,49.16,45.671391,60730800
82,29-Apr-15,48.720001,49.310001,48.5,49.060001,45.578487,47804600
83,30-Apr-15,48.700001,49.540001,48.599998,48.639999,45.188286,64725500
84,1-May-15,48.580002,48.880001,48.400002,48.66,45.206875,38937300
85,4-May-15,48.369999,48.869999,48.18,48.240002,44.816669,34039500
86,5-May-15,47.82,48.16,47.310001,47.599998,44.222088,50369200
87,6-May-15,47.57,47.77,46.02,46.279999,42.995766,52433000
88,7-May-15,46.27,47.09,46.16,46.700001,43.385963,32971700
89,8-May-15,47.549999,47.98,47.52,47.75,44.361446,35364900
90,11-May-15,47.549999,47.91,47.369999,47.369999,44.008411,24609400
91,12-May-15,46.849998,47.68,46.419998,47.349998,43.989826,29928300
92,13-May-15,48.189999,48.32,47.57,47.630001,44.249966,34184600
93,14-May-15,48.029999,48.82,48.029999,48.720001,45.262611,32980900
94,15-May-15,48.869999,48.91,48.049999,48.299999,44.872414,28642700
95,18-May-15,47.98,48.220001,47.610001,48.009998,44.602993,23631000
96,19-May-15,47.560001,47.810001,47.18,47.580002,44.490788,28574800
97,20-May-15,47.389999,47.93,47.27,47.580002,44.490788,25047900
98,21-May-15,47.279999,47.599998,47.009998,47.419998,44.341179,22410700
99,22-May-15,47.299999,47.349998,46.82,46.900002,43.854939,25720600
100,26-May-15,46.830002,46.880001,46.189999,46.59,43.565056,29581900
101,27-May-15,46.82,47.77,46.619999,47.610001,44.518841,27335600
102,28-May-15,47.5,48.02,47.389999,47.450001,44.369232,19283700
103,29-May-15,47.43,47.57,46.59,46.860001,43.817532,35428100
104,1-Jun-15,47.060001,47.77,46.619999,47.23,44.163509,28837300
105,2-Jun-15,46.93,47.349998,46.619999,46.919998,43.873638,21283400
106,3-Jun-15,47.369999,47.740002,46.82,46.849998,43.808182,28002200
107,4-Jun-15,46.790001,47.16,46.200001,46.360001,43.349995,27745500
108,5-Jun-15,46.310001,46.52,45.84,46.139999,43.144287,25438100
109,8-Jun-15,46.299999,46.43,45.669998,45.73,42.760902,21822300
110,9-Jun-15,45.759998,45.939999,45.459999,45.650002,42.6861,24406100
111,10-Jun-15,45.790001,46.830002,45.689999,46.610001,43.583767,28417400
112,11-Jun-15,46.66,46.919998,46.130001,46.439999,43.424801,27347800
113,12-Jun-15,46.220001,46.470001,45.900002,45.970001,42.985321,23931000
114,15-Jun-15,45.450001,45.650002,45.02,45.48,42.527134,33254500
115,16-Jun-15,45.349998,46.240002,45.299999,45.830002,42.854404,27070300
116,17-Jun-15,45.73,46.07,45.360001,45.970001,42.985321,28704100
117,18-Jun-15,46.220001,46.799999,46.169998,46.720001,43.68663,32658300
118,19-Jun-15,46.790001,46.830002,45.990002,46.099998,43.10688,63837000
119,22-Jun-15,46.330002,46.720001,46.16,46.23,43.228439,20318100
120,23-Jun-15,46.130001,46.279999,45.619999,45.91,42.929214,25896500
121,24-Jun-15,45.669998,46.25,45.549999,45.639999,42.676743,34890900
122,25-Jun-15,46.029999,46.060001,45.5,45.650002,42.6861,20616000
123,26-Jun-15,45.650002,46.279999,45.029999,45.259998,42.321407,49835300
124,29-Jun-15,45.040001,45.23,44.360001,44.369999,41.489201,34081700
125,30-Jun-15,44.709999,44.720001,43.939999,44.150002,41.283489,35945400
126,1-Jul-15,44.459999,45.23,44.099998,44.450001,41.564007,28343900
127,2-Jul-15,44.48,44.75,44.060001,44.400002,41.517258,21752000
128,6-Jul-15,43.959999,44.48,43.950001,44.389999,41.507896,23034000
129,7-Jul-15,44.34,44.490002,43.32,44.299999,41.423748,36435800
130,8-Jul-15,44.439999,44.900002,44.029999,44.240002,41.367645,39785900
131,9-Jul-15,44.75,45.220001,44.5,44.52,41.629467,32424700
132,10-Jul-15,45.009998,45.139999,44.57,44.610001,41.713612,25465800
133,13-Jul-15,44.98,45.619999,44.950001,45.540001,42.583237,28178300
134,14-Jul-15,45.450001,45.959999,45.310001,45.619999,42.658035,22880300
135,15-Jul-15,45.68,45.889999,45.43,45.759998,42.788948,26629600
136,16-Jul-15,46.009998,46.689999,45.970001,46.66,43.63052,26271700
137,17-Jul-15,46.549999,46.779999,46.259998,46.619999,43.593117,29467100
138,20-Jul-15,46.650002,47.130001,46.439999,46.919998,43.873638,30631900
139,21-Jul-15,46.779999,47.330002,46.48,47.279999,44.210266,42781900
140,22-Jul-15,45.439999,46.93,45.200001,45.540001,42.583237,59152400
141,23-Jul-15,45.27,46.23,45.099998,46.110001,43.11623,33934000
142,24-Jul-15,45.91,46.32,45.799999,45.939999,42.95726,32333200
143,27-Jul-15,45.939999,46.009998,45.25,45.349998,42.405567,39701400
144,28-Jul-15,45.580002,45.639999,44.790001,45.34,42.396229,34328900
145,29-Jul-15,45.400002,46.779999,45.259998,46.290001,43.284546,40945900
146,30-Jul-15,46.259998,47.400002,45.93,46.880001,43.836235,39777900
147,31-Jul-15,47.290001,47.369999,46.5,46.700001,43.667923,31201500
148,3-Aug-15,46.98,47,46.450001,46.810001,43.770782,24125900
149,4-Aug-15,46.75,47.709999,46.68,47.540001,44.453377,33403900
150,5-Aug-15,47.98,48.41,47.540001,47.580002,44.490788,26959700
151,6-Aug-15,47.709999,47.77,46.330002,46.619999,43.593117,27368000
152,7-Aug-15,46.389999,46.779999,46.259998,46.740002,43.705326,19163000
153,10-Aug-15,46.950001,47.490002,46.84,47.330002,44.257019,23079900
154,11-Aug-15,46.82,46.939999,45.900002,46.41,43.396748,28384300
155,12-Aug-15,46.189999,46.900002,45.709999,46.740002,43.705326,30181400
156,13-Aug-15,47.060001,47.099998,46.490002,46.73,43.695976,22627200
157,14-Aug-15,46.529999,47.099998,46.52,47,43.948441,21356800
158,17-Aug-15,46.810001,47.450001,46.57,47.32,44.247669,21099700
159,18-Aug-15,46.84,47.43,46.700001,47.27,44.49239,23574100
160,19-Aug-15,46.779999,47.080002,46.299999,46.610001,43.871174,31485500
161,20-Aug-15,46.07,46.470001,45.66,45.66,42.977001,36238200
162,21-Aug-15,45.299999,45.48,43.07,43.07,40.539185,70053100
163,24-Aug-15,40.450001,42.689999,39.720001,41.68,39.230865,88753700
164,25-Aug-15,42.57,43.240002,40.389999,40.470001,38.091969,70616600
165,26-Aug-15,42.009998,42.84,41.060001,42.709999,40.200336,63408000
166,27-Aug-15,43.23,43.950001,42.93,43.900002,41.320408,50943200
167,28-Aug-15,43.400002,44.150002,43.389999,43.93,41.348652,28246700
168,31-Aug-15,43.560001,43.93,43.099998,43.52,40.962753,34159100
169,1-Sep-15,42.169998,42.59,41.66,41.82,39.362629,49688900
170,2-Sep-15,42.360001,43.380001,41.880001,43.360001,40.812145,37671500
171,3-Sep-15,43.41,43.98,43.279999,43.5,40.943913,28285200
172,4-Sep-15,42.810001,43.040001,42.200001,42.610001,40.106216,37138800
173,8-Sep-15,43.299999,44,43.200001,43.889999,41.311001,32469800
174,9-Sep-15,44.209999,44.400002,42.91,43.07,40.539185,33318800
175,10-Sep-15,43.119999,43.790001,42.75,43.290001,40.746258,31366600
176,11-Sep-15,43.139999,43.59,42.939999,43.48,40.925087,27132500
177,14-Sep-15,43.43,43.439999,42.860001,43.040001,40.510948,23656000
178,15-Sep-15,43.189999,44.290001,43.080002,43.98,41.395714,28662100
179,16-Sep-15,43.970001,44.380001,43.84,44.299999,41.696911,23372200
180,17-Sep-15,44.290001,45,44.080002,44.25,41.649849,32768200
181,18-Sep-15,43.5,43.990002,43.330002,43.48,40.925087,62221600
182,21-Sep-15,43.619999,44.470001,43.599998,44.110001,41.518074,26177200
183,22-Sep-15,43.380001,44.049999,43.310001,43.900002,41.320408,28085900
184,23-Sep-15,43.93,44.169998,43.509998,43.869999,41.292171,17145200
185,24-Sep-15,43.450001,44.130001,43.27,43.91,41.329826,27905600
186,25-Sep-15,44.48,44.73,43.759998,43.939999,41.358063,29384600
187,28-Sep-15,43.830002,44.09,43.209999,43.290001,40.746258,27613800
188,29-Sep-15,43.369999,43.57,43.049999,43.439999,40.887444,32763600
189,30-Sep-15,43.880001,44.299999,43.66,44.259998,41.65926,34589500
190,1-Oct-15,44.75,44.75,43.75,44.610001,41.988697,28657900
191,2-Oct-15,44.27,45.57,43.919998,45.57,42.892284,41839000
192,5-Oct-15,45.75,46.889999,45.700001,46.630001,43.889999,34369300
193,6-Oct-15,46.330002,47.18,46.220001,46.75,44.002945,27017200
194,7-Oct-15,47.099998,47.349998,45.950001,46.799999,44.050011,27711500
195,8-Oct-15,46.560001,47.52,46.5,47.450001,44.661816,33772700
196,9-Oct-15,47.450001,47.540001,46.919998,47.110001,44.341797,28600600
197,12-Oct-15,46.98,47.07,46.5,47,44.238258,19769100
198,13-Oct-15,46.560001,47.130001,46.560001,46.889999,44.13472,19987800
199,14-Oct-15,46.650002,47.099998,46.529999,46.68,43.937054,24697800
200,15-Oct-15,47.009998,47.029999,46.529999,47.009998,44.247669,27189400
201,16-Oct-15,47.02,47.540001,46.900002,47.509998,44.718285,26450300
202,19-Oct-15,47.419998,47.880001,47.02,47.619999,44.821823,29387600
203,20-Oct-15,47.439999,47.810001,47.02,47.77,44.963005,30574000
204,21-Oct-15,47.919998,47.990002,47.110001,47.200001,44.426506,25144300
205,22-Oct-15,47.529999,48.950001,47.09,48.029999,45.207737,56637100
206,23-Oct-15,52.299999,54.07,52.25,52.869999,49.763332,135227100
207,26-Oct-15,52.529999,54.32,52.5,54.25,51.062241,64633300
208,27-Oct-15,53.990002,54.369999,53.580002,53.689999,50.535149,50999900
209,28-Oct-15,53.540001,53.98,52.860001,53.98,50.808102,47000800
210,29-Oct-15,53.540001,53.830002,53.220001,53.360001,50.224545,30036300
211,30-Oct-15,53.32,53.990002,52.619999,52.639999,49.546844,46619800
212,2-Nov-15,52.849998,53.360001,52.619999,53.240002,50.111588,30285000
213,3-Nov-15,52.93,54.389999,52.900002,54.150002,50.968117,36596900
214,4-Nov-15,54.18,54.880001,54.060001,54.400002,51.203426,37020400
215,5-Nov-15,54.490002,54.700001,54,54.380001,51.184605,31468500
216,6-Nov-15,54.09,54.98,53.959999,54.919998,51.692871,32851200
217,9-Nov-15,54.549999,54.869999,53.560001,54.16,50.977528,32513100
218,10-Nov-15,54.07,54.130001,53.27,53.509998,50.365719,55283700
219,11-Nov-15,53.700001,54.200001,53.459999,53.650002,50.497498,36516300
220,12-Nov-15,53.48,53.98,53.189999,53.32,50.18689,35361100
221,13-Nov-15,53.07,53.290001,52.529999,52.84,49.735096,36848200
222,16-Nov-15,53.080002,53.889999,52.849998,53.77,50.610451,32165200
223,17-Nov-15,53.169998,53.529999,52.849998,52.970001,50.193512,31551300
224,18-Nov-15,53,53.98,52.98,53.849998,51.027382,29710000
225,19-Nov-15,53.990002,54.66,53.779999,53.939999,51.112663,28149200
226,20-Nov-15,54.25,54.299999,53.27,54.189999,51.34956,37147600
227,23-Nov-15,54.25,54.459999,53.75,54.189999,51.34956,28235900
228,24-Nov-15,53.919998,54.439999,53.580002,54.25,51.406422,24600000
229,25-Nov-15,54.09,54.23,53.689999,53.689999,50.875771,21005100
230,27-Nov-15,53.799999,54.080002,53.790001,53.93,51.103188,9009100
231,30-Nov-15,54.540001,54.959999,54,54.349998,51.501175,56241400
232,1-Dec-15,54.41,55.23,54.299999,55.220001,52.325581,39952800
233,2-Dec-15,55.32,55.959999,55.060001,55.209999,52.316093,47274900
234,3-Dec-15,55.490002,55.77,53.93,54.200001,51.359039,38627800
235,4-Dec-15,54.119999,56.23,54.099998,55.91,52.979404,43963700
236,7-Dec-15,55.790001,55.970001,55.290001,55.810001,52.884647,30709800
237,8-Dec-15,55.470001,56.099998,54.990002,55.790001,52.865696,32878000
238,9-Dec-15,55.369999,55.869999,54.509998,54.98,52.098156,36373200
239,10-Dec-15,55.389999,55.66,55.009998,55.27,52.372955,31620700
240,11-Dec-15,54.709999,55.099998,54.009998,54.060001,51.226376,39549500
241,14-Dec-15,54.330002,55.209999,53.68,55.139999,52.249763,46768900
242,15-Dec-15,55.66,55.900002,55.09,55.200001,52.306625,39843000
243,16-Dec-15,55.540001,56.25,54.759998,56.130001,53.187874,37503300
244,17-Dec-15,56.360001,56.790001,55.529999,55.700001,52.780415,41280900
245,18-Dec-15,55.77,56,54.029999,54.130001,51.292709,84684200
246,21-Dec-15,54.880001,55.349998,54.23,54.830002,51.95602,37246300
247,22-Dec-15,54.990002,55.48,54.5,55.349998,52.448761,28300300
248,23-Dec-15,55.700001,55.880001,55.439999,55.82,52.894127,27279800
249,24-Dec-15,55.860001,55.959999,55.43,55.669998,52.75198,9570000
250,28-Dec-15,55.349998,55.950001,54.98,55.950001,53.017315,21698000
251,29-Dec-15,56.290001,56.849998,56.060001,56.549999,53.585861,27731400
252,30-Dec-15,56.470001,56.779999,56.290001,56.310001,53.358444,21704500
253,31-Dec-15,56.040001,56.189999,55.419998,55.48,52.571945,27334100
254,4-Jan-16,54.32,54.799999,53.389999,54.799999,51.927593,53778000
255,5-Jan-16,54.93,55.389999,54.540001,55.049999,52.16449,34079700
256,6-Jan-16,54.32,54.400002,53.639999,54.049999,51.2169,39518900
257,7-Jan-16,52.700001,53.490002,52.07,52.169998,49.435444,56564900
258,8-Jan-16,52.369999,53.279999,52.150002,52.330002,49.587063,48754000
259,11-Jan-16,52.509998,52.849998,51.459999,52.299999,49.558632,36663600
260,12-Jan-16,52.759998,53.099998,52.060001,52.779999,50.01347,36095500
261,13-Jan-16,53.799999,54.07,51.299999,51.639999,48.933224,66883600
262,14-Jan-16,52,53.419998,51.57,53.110001,50.32618,52381900
263,15-Jan-16,51.310001,51.970001,50.34,50.990002,48.317295,71820700
264,19-Jan-16,51.48,51.68,50.060001,50.560001,47.909836,43564500
265,20-Jan-16,49.98,51.380001,49.099998,50.790001,48.127781,63273000
266,21-Jan-16,51,51.580002,50.299999,50.48,47.83403,40191200
267,22-Jan-16,51.41,52.330002,51.259998,52.290001,49.549152,37555800
268,25-Jan-16,51.939999,52.650002,51.650002,51.790001,49.075359,34707700
269,26-Jan-16,51.790001,52.439999,51.549999,52.169998,49.435444,28699500
270,27-Jan-16,52.009998,52.200001,51.02,51.220001,48.53524,36775200
271,28-Jan-16,51.860001,52.209999,51.25,52.060001,49.331215,62513800
272,29-Jan-16,54.73,55.09,54,55.09,52.202389,83611700
273,1-Feb-16,54.880001,55.09,54.5,54.709999,51.842304,44208500
274,2-Feb-16,54.169998,54.259998,52.650002,53,50.221935,56313800
275,3-Feb-16,53.25,53.389999,51.259998,52.16,49.425968,57559800
276,4-Feb-16,52.099998,52.810001,51.369999,52,49.274361,46803400
277,5-Feb-16,51.939999,52,49.560001,50.16,47.530804,62009000
278,8-Feb-16,49.549999,49.57,48.189999,49.41,46.82011,59290500
279,9-Feb-16,49.02,50.240002,48.669998,49.279999,46.696926,45822200
280,10-Feb-16,49.889999,50.389999,49.52,49.709999,47.104385,38237000
281,11-Feb-16,48.68,50.110001,48.509998,49.689999,47.085438,48878600
282,12-Feb-16,50.25,50.68,49.75,50.5,47.852978,34243300
283,16-Feb-16,50.900002,51.09,50.130001,51.09,48.759647,37291200
284,17-Feb-16,51.490002,52.77,51.450001,52.419998,50.02898,40789000
285,18-Feb-16,52.330002,52.950001,52.099998,52.189999,49.809479,27176000
286,19-Feb-16,51.970001,52.279999,51.529999,51.82,49.456352,33559100
287,22-Feb-16,52.279999,53,52.279999,52.650002,50.248489,25008300
288,23-Feb-16,52.34,52.369999,50.98,51.18,48.845543,28895300
289,24-Feb-16,50.689999,51.5,50.200001,51.360001,49.017334,33014500
290,25-Feb-16,51.73,52.099998,50.610001,52.099998,49.723579,26695900
291,26-Feb-16,52.599998,52.68,51.099998,51.299999,48.960068,35975900
292,29-Feb-16,51.349998,51.650002,50.66,50.880001,48.559227,31654000
293,1-Mar-16,50.970001,52.59,50.919998,52.580002,50.18169,33024500
294,2-Mar-16,52.41,52.959999,52.16,52.950001,50.534809,29289900
295,3-Mar-16,52.970001,52.970001,51.779999,52.349998,49.962177,24418100
296,4-Mar-16,52.400002,52.450001,51.709999,52.029999,49.656769,33034200
297,7-Mar-16,51.560001,51.799999,50.580002,51.029999,48.702377,38407800
298,8-Mar-16,50.799999,52.130001,50.599998,51.650002,49.294113,33835100
299,9-Mar-16,51.889999,52.849998,51.860001,52.84,50.429821,28251600
300,10-Mar-16,52.93,52.939999,51.16,52.049999,49.675858,38384200
301,11-Mar-16,53,53.07,52.380001,53.07,50.649334,32275700
302,14-Mar-16,52.709999,53.59,52.630001,53.169998,50.74477,24083600
303,15-Mar-16,52.75,53.59,52.740002,53.59,51.145618,21104800
304,16-Mar-16,53.450001,54.599998,53.400002,54.349998,51.870949,31691700
305,17-Mar-16,54.209999,55,54,54.66,52.166809,28223900
306,18-Mar-16,54.919998,54.970001,53.450001,53.490002,51.050182,67625500
307,21-Mar-16,53.25,53.93,52.93,53.860001,51.403305,23925700
308,22-Mar-16,53.610001,54.25,53.459999,54.07,51.603722,23124100
309,23-Mar-16,54.110001,54.240002,53.740002,53.970001,51.508286,20129000
310,24-Mar-16,53.84,54.330002,53.73,54.209999,51.737339,19950000
311,28-Mar-16,54.209999,54.290001,53.330002,53.540001,51.097897,17025100
312,29-Mar-16,53.66,54.860001,53.450001,54.709999,52.214527,23375000
313,30-Mar-16,54.93,55.639999,54.900002,55.049999,52.539024,23008300
314,31-Mar-16,54.950001,55.59,54.860001,55.23,52.710804,26360500
315,1-Apr-16,55.049999,55.610001,54.57,55.57,53.035305,24399200
316,4-Apr-16,55.43,55.66,55,55.43,52.901688,18928800
317,5-Apr-16,55.189999,55.299999,54.459999,54.560001,52.071373,19272300
318,6-Apr-16,54.360001,55.200001,54.209999,55.119999,52.60582,21032100
319,7-Apr-16,54.869999,54.91,54.23,54.459999,51.975929,19225100
320,8-Apr-16,54.669998,55.279999,54.32,54.419998,51.937748,22167200
321,11-Apr-16,54.490002,55.150002,54.299999,54.310001,51.832779,21414200
322,12-Apr-16,54.369999,54.779999,53.759998,54.650002,52.157269,24574200
323,13-Apr-16,55.119999,55.439999,54.889999,55.349998,52.82534,20818000
324,14-Apr-16,55.220001,55.580002,55.07,55.360001,52.834881,20875100
325,15-Apr-16,55.299999,55.919998,55.110001,55.650002,53.11166,28793800
326,18-Apr-16,55.490002,56.59,55.209999,56.459999,53.884712,23150300
327,19-Apr-16,56.630001,56.77,55.68,56.389999,53.817902,29596800
328,20-Apr-16,56.290001,56.5,55.490002,55.59,53.054394,36195700
329,21-Apr-16,55.799999,56.23,55.419998,55.779999,53.235722,38909100
330,22-Apr-16,51.91,52.43,50.77,51.779999,49.418179,126834100
331,25-Apr-16,51.779999,52.130001,51.630001,52.110001,49.733128,33226900
332,26-Apr-16,52.259998,52.349998,51.09,51.439999,49.093678,33532600
333,27-Apr-16,51.48,51.5,50.549999,50.939999,48.616486,43369300
334,28-Apr-16,50.619999,50.77,49.560001,49.900002,47.623924,43134800
335,29-Apr-16,49.349998,50.25,49.349998,49.869999,47.595295,48411700
336,2-May-16,50,50.75,49.779999,50.610001,48.301548,33114500
337,3-May-16,50.34,50.41,49.599998,49.779999,47.509399,26460200
338,4-May-16,49.84,50.060001,49.459999,49.869999,47.595295,24257600
339,5-May-16,49.869999,50.299999,49.73,49.939999,47.662098,25390700
340,6-May-16,49.919998,50.389999,49.66,50.389999,48.091576,24787300
341,9-May-16,50.490002,50.59,50,50.07,47.786171,17951600
342,10-May-16,50.330002,51.099998,50.189999,51.02,48.692841,22741500
343,11-May-16,51.130001,51.779999,51,51.049999,48.72147,24039100
344,12-May-16,51.200001,51.810001,50.919998,51.509998,49.160488,24102800
345,13-May-16,51.439999,51.900002,51.040001,51.080002,48.750107,22592300
346,16-May-16,50.799999,51.959999,50.75,51.830002,49.465893,20032000
347,17-May-16,51.720001,51.73,50.360001,50.509998,48.543274,27803500
348,18-May-16,50.48,51.139999,50.299999,50.810001,48.831589,24907500
349,19-May-16,50.470001,50.619999,49.82,50.32,48.360672,23842400
350,20-May-16,50.48,51.220001,50.400002,50.619999,48.648998,23905800
351,23-May-16,50.599998,50.68,49.98,50.029999,48.081966,25999700
352,24-May-16,50.700001,51.709999,50.400002,51.59,49.581226,34757900
353,25-May-16,51.919998,52.490002,51.790001,52.119999,50.090584,24040200
354,26-May-16,51.93,51.98,51.360001,51.889999,49.869537,24182900
355,27-May-16,51.919998,52.32,51.77,52.32,50.282799,17721400
356,31-May-16,52.259998,53,52.080002,53,50.936321,37653100
357,1-Jun-16,52.439999,52.950001,52.439999,52.849998,50.79216,25324800
358,2-Jun-16,52.639999,52.740002,51.84,52.48,50.436569,22565300
359,3-Jun-16,52.380001,52.419998,51.599998,51.790001,49.773438,23368300
360,6-Jun-16,51.990002,52.349998,51.889999,52.130001,50.100197,18243300
361,7-Jun-16,52.240002,52.73,52.099998,52.099998,50.071362,20866800
362,8-Jun-16,52.02,52.439999,51.869999,52.040001,50.013699,21149400
363,9-Jun-16,52,52,51.490002,51.619999,49.610054,20305700
364,10-Jun-16,51.049999,52.049999,51.040001,51.48,49.475506,25833200
365,13-Jun-16,49.580002,50.720001,49.060001,50.139999,48.187679,83217800
366,14-Jun-16,49.900002,50.099998,49.57,49.830002,47.889751,42577100
367,15-Jun-16,49.779999,50.119999,49.689999,49.689999,47.755203,33757600
368,16-Jun-16,49.52,50.470001,49.509998,50.389999,48.427944,31188600
369,17-Jun-16,50.41,50.43,49.82,50.130001,48.178074,45710500
370,20-Jun-16,50.639999,50.830002,50.029999,50.07,48.120407,35607900
371,21-Jun-16,50.200001,51.43,50.16,51.189999,49.196793,34097800
372,22-Jun-16,51.080002,51.459999,50.950001,50.990002,49.004589,28816800
373,23-Jun-16,51.279999,52.060001,51.150002,51.91,49.88876,29028800
374,24-Jun-16,49.810001,50.939999,49.52,49.830002,47.889751,133503000
375,27-Jun-16,49.099998,49.150002,48.040001,48.43,46.54427,50216300
376,28-Jun-16,48.919998,49.470001,48.669998,49.439999,47.514938,38140700
377,29-Jun-16,49.91,50.720001,49.799999,50.540001,48.572105,31304000
378,30-Jun-16,50.720001,51.299999,50.5,51.169998,49.177578,28527800
379,1-Jul-16,51.130001,51.720001,51.07,51.16,49.167969,21400400
380,5-Jul-16,50.830002,51.279999,50.740002,51.169998,49.177578,24806400
381,6-Jul-16,50.779999,51.540001,50.389999,51.380001,49.379402,28167500
382,7-Jul-16,51.419998,51.610001,51.07,51.380001,49.379402,19580800
383,8-Jul-16,51.73,52.360001,51.549999,52.299999,50.26358,28391000
384,11-Jul-16,52.5,52.830002,52.470001,52.59,50.54229,22269200
385,12-Jul-16,52.939999,53.400002,52.790001,53.209999,51.138145,27317600
386,13-Jul-16,53.560001,53.860001,53.18,53.509998,51.42646,25356800
387,14-Jul-16,53.84,53.990002,53.580002,53.740002,51.647511,24545500
388,15-Jul-16,53.950001,54,53.209999,53.700001,51.609066,32024400
389,18-Jul-16,53.700001,54.34,53.549999,53.959999,51.85894,31433900
390,19-Jul-16,53.709999,53.900002,52.93,53.09,51.02282,53336500
391,20-Jul-16,56.150002,56.84,55.529999,55.91,53.733013,89893300
392,21-Jul-16,55.98,56.23,55.759998,55.799999,53.627296,32776700
393,22-Jul-16,56.080002,56.630001,55.779999,56.57,54.36731,32157200
394,25-Jul-16,56.470001,56.740002,56.259998,56.73,54.521084,25610600
395,26-Jul-16,56.52,57.290001,56.509998,56.759998,54.549915,28079000
396,27-Jul-16,56.610001,56.799999,56.110001,56.189999,54.002106,32095300
397,28-Jul-16,56,56.369999,55.720001,56.209999,54.021328,37550400
398,29-Jul-16,56.259998,56.759998,56.049999,56.68,54.47303,30558700
399,1-Aug-16,56.599998,56.75,56.139999,56.580002,54.37693,26003400
400,2-Aug-16,56.849998,56.900002,56.310001,56.580002,54.37693,35122000
401,3-Aug-16,56.68,57.110001,56.490002,56.970001,54.751743,22075600
402,4-Aug-16,56.799999,57.52,56.669998,57.389999,55.155388,26466400
403,5-Aug-16,57.650002,58.209999,57.450001,57.959999,55.703186,29335200
404,8-Aug-16,58.060001,58.09,57.779999,58.060001,55.799297,19473500
405,9-Aug-16,58.169998,58.5,58.02,58.200001,55.933849,16920700
406,10-Aug-16,58.16,58.32,57.82,58.02,55.760853,15756900
407,11-Aug-16,58.029999,58.450001,58.029999,58.299999,56.029949,18133800
408,12-Aug-16,58.029999,58.189999,57.619999,57.939999,55.683968,21655200
409,15-Aug-16,58.009998,58.5,57.959999,58.119999,55.856956,19283900
410,16-Aug-16,57.610001,57.619999,57.27,57.439999,55.547501,20523500
411,17-Aug-16,57.540001,57.68,57.23,57.560001,55.663548,18856400
412,18-Aug-16,57.419998,57.700001,57.27,57.599998,55.702232,14214300
413,19-Aug-16,57.43,57.73,57.200001,57.619999,55.721573,17271000
414,22-Aug-16,57.599998,57.75,57.259998,57.669998,55.769924,15221900
415,23-Aug-16,57.900002,58.18,57.849998,57.889999,55.982677,18732400
416,24-Aug-16,57.799999,58.040001,57.720001,57.950001,56.040699,18151500
417,25-Aug-16,57.880001,58.290001,57.779999,58.169998,56.253452,18552600
418,26-Aug-16,58.279999,58.700001,57.689999,58.029999,56.118065,20971200
419,29-Aug-16,58.18,58.599998,58.099998,58.099998,56.185757,16217900
420,30-Aug-16,57.98,58.189999,57.610001,57.889999,55.982677,16930200
421,31-Aug-16,57.650002,57.799999,57.299999,57.459999,55.566841,20860300
422,1-Sep-16,57.009998,57.82,57.009998,57.59,55.692554,26075400
423,2-Sep-16,57.669998,58.189999,57.419998,57.669998,55.769924,18900500
424,6-Sep-16,57.779999,57.799999,57.209999,57.610001,55.711906,16278400
425,7-Sep-16,57.470001,57.84,57.41,57.66,55.760254,17493400
426,8-Sep-16,57.630001,57.790001,57.18,57.43,55.53783,19972500
427,9-Sep-16,56.790001,57.52,56.209999,56.209999,54.358028,35113900
428,12-Sep-16,56,57.209999,55.610001,57.049999,55.170349,29303000
429,13-Sep-16,56.5,56.650002,56.049999,56.529999,54.667484,30130200
430,14-Sep-16,56.389999,56.630001,56.029999,56.259998,54.40638,24062500
431,15-Sep-16,56.150002,57.349998,55.98,57.189999,55.30574,26847000
432,16-Sep-16,57.630001,57.630001,56.75,57.25,55.363766,44607000
433,19-Sep-16,57.27,57.75,56.849998,56.93,55.054306,20879200
434,20-Sep-16,57.349998,57.349998,56.75,56.810001,54.938263,17384000
435,21-Sep-16,57.509998,57.849998,57.080002,57.759998,55.856953,33707300
436,22-Sep-16,57.919998,58,57.630001,57.82,55.914982,19822200
437,23-Sep-16,57.869999,57.91,57.380001,57.43,55.53783,19955300
438,26-Sep-16,57.080002,57.139999,56.830002,56.900002,55.025295,21688700
439,27-Sep-16,56.93,58.060001,56.68,57.950001,56.040699,28065100
440,28-Sep-16,57.880001,58.060001,57.669998,58.029999,56.118065,20536400
441,29-Sep-16,57.810001,58.169998,57.209999,57.400002,55.50882,25463500
442,30-Sep-16,57.57,57.77,57.34,57.599998,55.702232,29910800
443,3-Oct-16,57.41,57.549999,57.060001,57.419998,55.528164,19189500
444,4-Oct-16,57.27,57.599998,56.970001,57.240002,55.354088,20085900
445,5-Oct-16,57.290001,57.959999,57.259998,57.639999,55.740913,16726400
446,6-Oct-16,57.740002,57.860001,57.279999,57.740002,55.837627,16212600
447,7-Oct-16,57.849998,57.98,57.419998,57.799999,55.895641,20089000
448,10-Oct-16,57.91,58.389999,57.869999,58.040001,56.127735,18084400
449,11-Oct-16,57.889999,58.02,56.889999,57.189999,55.30574,26497400
450,12-Oct-16,57.110001,57.27,56.400002,57.110001,55.228374,22177500
451,13-Oct-16,56.700001,57.299999,56.32,56.919998,55.044628,25313700
452,14-Oct-16,57.119999,57.740002,57.119999,57.419998,55.528164,27402500
453,17-Oct-16,57.360001,57.459999,56.869999,57.220001,55.334755,23830000
454,18-Oct-16,57.529999,57.950001,57.41,57.66,55.760254,18631500
455,19-Oct-16,57.470001,57.84,57.400002,57.529999,55.634537,22878400
456,20-Oct-16,57.5,57.52,56.66,57.25,55.363766,49455600
457,21-Oct-16,60.279999,60.450001,59.490002,59.66,57.694359,80032200
458,24-Oct-16,59.939999,61,59.93,61,58.990215,54067000
459,25-Oct-16,60.849998,61.369999,60.799999,60.990002,58.980541,35137200
460,26-Oct-16,60.810001,61.200001,60.470001,60.630001,58.632401,29911600
461,27-Oct-16,60.610001,60.830002,60.09,60.099998,58.119862,28479900
462,28-Oct-16,60.009998,60.52,59.580002,59.869999,57.897442,33574700
463,31-Oct-16,60.16,60.419998,59.919998,59.919998,57.945789,26434700
464,1-Nov-16,59.970001,60.02,59.25,59.799999,57.82975,24533000
465,2-Nov-16,59.82,59.93,59.299999,59.43,57.471939,22147000
466,3-Nov-16,59.529999,59.639999,59.110001,59.209999,57.259182,21600400
467,4-Nov-16,58.650002,59.279999,58.52,58.709999,56.775661,28697000
468,7-Nov-16,59.779999,60.52,59.779999,60.419998,58.429321,31664800
469,8-Nov-16,60.549999,60.779999,60.150002,60.470001,58.477673,22862000
470,9-Nov-16,60,60.59,59.200001,60.169998,58.187553,49632500
471,10-Nov-16,60.48,60.490002,57.630001,58.700001,56.765991,57822400
472,11-Nov-16,58.23,59.119999,58.009998,59.02,57.075447,38767800
473,14-Nov-16,59.02,59.080002,57.279999,58.119999,56.205093,40861900
474,15-Nov-16,58.330002,59.490002,58.32,58.869999,57.314983,35904100
475,16-Nov-16,58.939999,59.66,58.810001,59.650002,58.074383,26851400
476,17-Nov-16,60.41,60.950001,59.970001,60.639999,59.038235,32132700
477,18-Nov-16,60.779999,61.139999,60.299999,60.349998,58.755894,27686300
478,21-Nov-16,60.5,60.970001,60.419998,60.860001,59.252422,19652600
479,22-Nov-16,60.98,61.259998,60.810001,61.119999,59.50555,23206700
480,23-Nov-16,61.009998,61.099998,60.25,60.400002,58.804569,21847200
481,25-Nov-16,60.299999,60.529999,60.130001,60.529999,58.931133,8409600
482,28-Nov-16,60.34,61.02,60.209999,60.610001,59.009022,20732600
483,29-Nov-16,60.650002,61.41,60.52,61.09,59.476349,22366700
484,30-Nov-16,60.860001,61.18,60.220001,60.259998,58.668266,34655400
485,1-Dec-16,60.110001,60.150002,58.939999,59.200001,57.636265,34542100
486,2-Dec-16,59.080002,59.470001,58.799999,59.25,57.684944,25515700
487,5-Dec-16,59.700001,60.59,59.560001,60.220001,58.62933,23552700
488,6-Dec-16,60.43,60.459999,59.799999,59.950001,58.366463,19907000
489,7-Dec-16,60.009998,61.380001,59.799999,61.369999,59.748951,30809000
490,8-Dec-16,61.299999,61.580002,60.84,61.009998,59.398457,21220800
491,9-Dec-16,61.18,61.990002,61.130001,61.970001,60.333103,27349400
492,12-Dec-16,61.82,62.299999,61.720001,62.169998,60.527817,20198100
493,13-Dec-16,62.5,63.419998,62.240002,62.98,61.316422,35718900
494,14-Dec-16,63,63.450001,62.529999,62.68,61.024345,30352700
495,15-Dec-16,62.700001,63.150002,62.299999,62.580002,60.926991,27669900
496,16-Dec-16,62.950001,62.950001,62.119999,62.299999,60.654381,42204700
497,19-Dec-16,62.560001,63.77,62.419998,63.619999,61.939518,34338200
498,20-Dec-16,63.689999,63.799999,63.029999,63.540001,61.861633,26028400
499,21-Dec-16,63.43,63.700001,63.119999,63.540001,61.861633,17096300
500,22-Dec-16,63.84,64.099998,63.41,63.549999,61.871365,22176600
501,23-Dec-16,63.450001,63.540001,62.799999,63.240002,61.569557,12398000
502,27-Dec-16,63.209999,64.07,63.209999,63.279999,61.60849,11763200
503,28-Dec-16,63.400002,63.400002,62.830002,62.990002,61.326157,14653300
504,29-Dec-16,62.860001,63.200001,62.73,62.900002,61.238541,10181600
505,30-Dec-16,62.959999,62.990002,62.029999,62.139999,60.498604,25579900
506,3-Jan-17,62.790001,62.84,62.130001,62.580002,60.926991,20694100
507,4-Jan-17,62.48,62.75,62.119999,62.299999,60.654381,21340000
508,5-Jan-17,62.189999,62.66,62.029999,62.299999,60.654381,24876000
509,6-Jan-17,62.299999,63.150002,62.040001,62.84,61.180119,19922900
510,9-Jan-17,62.759998,63.080002,62.540001,62.639999,60.985405,20256600
511,10-Jan-17,62.73,63.07,62.279999,62.619999,60.965931,18593000
512,11-Jan-17,62.610001,63.23,62.43,63.189999,61.520874,21517300
513,12-Jan-17,63.060001,63.400002,61.950001,62.610001,60.956196,20968200
514,13-Jan-17,62.619999,62.869999,62.349998,62.700001,61.043819,19422300
515,17-Jan-17,62.68,62.700001,62.029999,62.529999,60.878307,20620400
516,18-Jan-17,62.669998,62.700001,62.119999,62.5,60.849106,19670100
517,19-Jan-17,62.240002,62.98,62.200001,62.299999,60.654381,18451700
518,20-Jan-17,62.669998,62.82,62.369999,62.740002,61.08276,30213500
519,23-Jan-17,62.700001,63.119999,62.57,62.959999,61.296947,23097600
520,24-Jan-17,63.200001,63.740002,62.939999,63.52,61.842159,24672900
521,25-Jan-17,63.950001,64.099998,63.450001,63.68,61.997929,23672700
522,26-Jan-17,64.120003,64.540001,63.549999,64.269997,62.572346,43554600
523,27-Jan-17,65.389999,65.910004,64.889999,65.779999,64.042465,44818000
524,30-Jan-17,65.690002,65.790001,64.800003,65.129997,63.409626,31651400
525,31-Jan-17,64.860001,65.150002,64.260002,64.650002,62.94231,25270500
526,1-Feb-17,64.360001,64.620003,63.470001,63.580002,61.900574,39671500
527,2-Feb-17,63.25,63.41,62.75,63.169998,61.5014,45827000
528,3-Feb-17,63.5,63.700001,63.07,63.68,61.997929,30301800
529,6-Feb-17,63.5,63.650002,63.139999,63.639999,61.958992,19796400
530,7-Feb-17,63.740002,63.779999,63.23,63.43,61.754536,20277200
531,8-Feb-17,63.57,63.810001,63.220001,63.34,61.666916,18096400
532,9-Feb-17,63.52,64.440002,63.32,64.059998,62.367889,22644400
533,10-Feb-17,64.25,64.300003,63.98,64,62.309475,18170700
534,13-Feb-17,64.239998,64.860001,64.129997,64.720001,63.010464,22920100
535,14-Feb-17,64.410004,64.720001,64.019997,64.57,63.245537,23065900
536,15-Feb-17,64.5,64.57,64.160004,64.529999,63.20636,17005200
537,16-Feb-17,64.739998,65.239998,64.440002,64.519997,63.196564,20546300
538,17-Feb-17,64.470001,64.690002,64.300003,64.620003,63.294514,21248800
539,21-Feb-17,64.610001,64.949997,64.449997,64.489998,63.167179,20655900
540,22-Feb-17,64.330002,64.389999,64.050003,64.360001,63.039845,19292700
541,23-Feb-17,64.419998,64.730003,64.190002,64.620003,63.294514,20273100
542,24-Feb-17,64.529999,64.800003,64.139999,64.620003,63.294514,21796800
543,27-Feb-17,64.540001,64.540001,64.050003,64.230003,62.912518,15871500
544,28-Feb-17,64.080002,64.199997,63.759998,63.98,62.667637,23239800
545,1-Mar-17,64.129997,64.989998,64.019997,64.940002,63.607956,26937500
546,2-Mar-17,64.690002,64.75,63.880001,64.010002,62.697029,24539600
547,3-Mar-17,63.990002,64.279999,63.619999,64.25,62.932102,18135900
548,6-Mar-17,63.970001,64.559998,63.810001,64.269997,62.951691,18750300
549,7-Mar-17,64.190002,64.779999,64.190002,64.400002,63.079025,18521000
550,8-Mar-17,64.260002,65.080002,64.25,64.989998,63.656918,21510900
551,9-Mar-17,65.190002,65.199997,64.480003,64.730003,63.402267,19846800
552,10-Mar-17,65.110001,65.260002,64.75,64.93,63.598156,19538200
553,13-Mar-17,65.010002,65.190002,64.57,64.709999,63.382668,20100000
554,14-Mar-17,64.529999,64.550003,64.150002,64.410004,63.088825,14280200
555,15-Mar-17,64.550003,64.919998,64.25,64.75,63.421848,24833800
556,16-Mar-17,64.75,64.760002,64.300003,64.639999,63.314102,20674300
557,17-Mar-17,64.910004,65.239998,64.68,64.870003,63.539387,49219700
558,20-Mar-17,64.910004,65.18,64.720001,64.93,63.598156,14598100
559,21-Mar-17,65.190002,65.5,64.129997,64.209999,62.892925,26640500
560,22-Mar-17,64.120003,65.139999,64.120003,65.029999,63.696102,20680000
561,23-Mar-17,64.940002,65.239998,64.769997,64.870003,63.539387,19269200
562,24-Mar-17,65.360001,65.449997,64.760002,64.980003,63.647133,22617100
563,27-Mar-17,64.629997,65.220001,64.349998,65.099998,63.76466,18614700
564,28-Mar-17,64.959999,65.470001,64.650002,65.290001,63.950768,20080400
565,29-Mar-17,65.120003,65.5,64.949997,65.470001,64.12709,13618400
566,30-Mar-17,65.419998,65.980003,65.360001,65.709999,64.36216,15122800
567,31-Mar-17,65.650002,66.190002,65.449997,65.860001,64.509079,21040300
568,3-Apr-17,65.809998,65.940002,65.190002,65.550003,64.205437,20400900
569,4-Apr-17,65.389999,65.809998,65.279999,65.730003,64.381752,12997400
570,5-Apr-17,66.300003,66.349998,65.440002,65.559998,64.215225,21448600
571,6-Apr-17,65.599998,66.059998,65.480003,65.730003,64.381752,18103500
572,7-Apr-17,65.849998,65.959999,65.440002,65.68,64.332779,14108500
573,10-Apr-17,65.610001,65.82,65.360001,65.529999,64.185844,17952700
574,11-Apr-17,65.599998,65.610001,64.849998,65.480003,64.136871,18791500
575,12-Apr-17,65.419998,65.510002,65.110001,65.230003,63.892002,17108500
576,13-Apr-17,65.290001,65.860001,64.949997,64.949997,63.617741,17896500
577,17-Apr-17,65.040001,65.489998,65.010002,65.480003,64.136871,16689300
578,18-Apr-17,65.330002,65.709999,65.160004,65.389999,64.048721,15155600
579,19-Apr-17,65.650002,65.75,64.889999,65.040001,63.705902,26992800
580,20-Apr-17,65.459999,65.75,65.139999,65.5,64.156456,22299500
581,21-Apr-17,65.669998,66.699997,65.449997,66.400002,65.038002,32522600
582,24-Apr-17,67.480003,67.660004,67.099998,67.529999,66.144821,29770000
583,25-Apr-17,67.900002,68.040001,67.599998,67.919998,66.526817,30242700
584,26-Apr-17,68.080002,68.309998,67.620003,67.830002,66.438675,26190800
585,27-Apr-17,68.150002,68.379997,67.580002,68.269997,66.869644,34971000
586,28-Apr-17,68.910004,69.139999,67.690002,68.459999,67.05574,39423500
587,1-May-17,68.68,69.550003,68.5,69.410004,67.986259,31954400
588,2-May-17,69.709999,69.709999,69.129997,69.300003,67.878525,23906100
589,3-May-17,69.379997,69.379997,68.709999,69.080002,67.663025,28928000
590,4-May-17,69.029999,69.080002,68.639999,68.809998,67.398567,21749400
591,5-May-17,68.900002,69.029999,68.489998,69,67.584671,19128800
592,8-May-17,68.970001,69.050003,68.419998,68.940002,67.525909,18566100
593,9-May-17,68.860001,69.279999,68.68,69.040001,67.623856,22858400
594,10-May-17,68.989998,69.559998,68.919998,69.309998,67.888306,17977800
595,11-May-17,68.360001,68.730003,68.120003,68.459999,67.05574,28789400
596,12-May-17,68.610001,68.610001,68.040001,68.379997,66.977386,18714100
597,15-May-17,68.139999,68.480003,67.57,68.43,67.02636,31530300
598,16-May-17,68.230003,69.440002,68.160004,69.410004,68.375961,34956000
599,17-May-17,68.889999,69.099998,67.43,67.480003,66.474709,30548800
600,18-May-17,67.400002,68.129997,67.139999,67.709999,66.701279,25201300
601,19-May-17,67.5,68.099998,67.43,67.690002,66.68158,26961100
602,22-May-17,67.889999,68.5,67.5,68.449997,67.430252,16237600
603,23-May-17,68.720001,68.75,68.379997,68.68,67.65683,15425800
604,24-May-17,68.870003,68.879997,68.449997,68.769997,67.745491,14593900
605,25-May-17,68.970001,69.879997,68.910004,69.620003,68.582832,21854100
606,26-May-17,69.800003,70.220001,69.519997,69.959999,68.917755,19827900
607,30-May-17,69.790001,70.410004,69.769997,70.410004,69.361061,17072800
608,31-May-17,70.529999,70.739998,69.809998,69.839996,68.799545,30436400
609,1-Jun-17,70.239998,70.610001,69.449997,70.099998,69.055672,21603600
610,2-Jun-17,70.440002,71.860001,70.239998,71.760002,70.690948,34770300
611,5-Jun-17,71.970001,72.889999,71.809998,72.279999,71.203201,33316800
612,6-Jun-17,72.300003,72.620003,72.269997,72.519997,71.439613,31511100
613,7-Jun-17,72.639999,72.769997,71.949997,72.389999,71.311562,22301800
614,8-Jun-17,72.510002,72.519997,71.5,71.949997,70.878113,24456300
615,9-Jun-17,72.040001,72.080002,68.589996,70.32,69.2724,49187400
616,12-Jun-17,69.25,69.940002,68.129997,69.779999,68.74044,47761700
617,13-Jun-17,70.019997,70.82,69.959999,70.650002,69.597481,25258600
618,14-Jun-17,70.910004,71.099998,69.43,70.269997,69.223137,25510700
619,15-Jun-17,69.269997,70.209999,68.800003,69.900002,68.85865,26068700
620,16-Jun-17,69.730003,70.029999,69.220001,70,68.957169,48345100
621,19-Jun-17,70.5,70.940002,70.349998,70.870003,69.814201,23798300
622,20-Jun-17,70.82,70.870003,69.870003,69.910004,68.868507,21512200
623,21-Jun-17,70.209999,70.620003,69.940002,70.269997,69.223137,19891100
624,22-Jun-17,70.540001,70.589996,69.709999,70.260002,69.213295,22965700
625,23-Jun-17,70.089996,71.25,69.919998,71.209999,70.149139,27617300
626,26-Jun-17,71.400002,71.709999,70.440002,70.529999,69.479271,19607000
627,27-Jun-17,70.110001,70.18,69.18,69.209999,68.178932,25215100
628,28-Jun-17,69.209999,69.839996,68.790001,69.800003,68.760147,25806200
629,29-Jun-17,69.379997,69.489998,68.089996,68.489998,67.469658,28918700
630,30-Jun-17,68.779999,69.379997,68.739998,68.93,67.903107,24161100
631,3-Jul-17,69.330002,69.599998,68.019997,68.169998,67.154427,16165500
632,5-Jul-17,68.260002,69.440002,68.220001,69.080002,68.05088,21176300
633,6-Jul-17,68.269997,68.779999,68.120003,68.57,67.54847,21117600
634,7-Jul-17,68.699997,69.839996,68.699997,69.459999,68.425209,16878300
635,10-Jul-17,69.459999,70.25,69.199997,69.980003,68.937469,15014500
636,11-Jul-17,70,70.68,69.75,69.989998,68.947319,17460000
637,12-Jul-17,70.690002,71.279999,70.550003,71.150002,70.090034,17750900
638,13-Jul-17,71.5,72.040001,71.309998,71.769997,70.70079,20269800
639,14-Jul-17,72.239998,73.269997,71.959999,72.779999,71.695747,25868100
640,17-Jul-17,72.800003,73.449997,72.720001,73.349998,72.257263,21803900
641,18-Jul-17,73.089996,73.389999,72.660004,73.300003,72.208,26435300
642,19-Jul-17,73.5,74.040001,73.449997,73.860001,72.759651,22416200
643,20-Jul-17,74.18,74.300003,73.279999,74.220001,73.114296,42361000
644,21-Jul-17,73.449997,74.290001,73.169998,73.790001,72.690704,46717100
645,24-Jul-17,73.529999,73.75,73.129997,73.599998,72.503532,21394800
646,25-Jul-17,73.800003,74.309998,73.5,74.190002,73.08474,22018700
647,26-Jul-17,74.339996,74.379997,73.809998,74.050003,72.946831,16252200
648,27-Jul-17,73.760002,74.419998,72.32,73.160004,72.070091,36844200
649,28-Jul-17,72.669998,73.309998,72.540001,73.040001,71.951881,18306700
650,31-Jul-17,73.300003,73.440002,72.410004,72.699997,71.616936,23600100
651,1-Aug-17,73.099998,73.419998,72.489998,72.580002,71.498734,22132300
652,2-Aug-17,72.550003,72.559998,71.440002,72.260002,71.183502,26499200
653,3-Aug-17,72.190002,72.440002,71.849998,72.150002,71.075134,18214400
654,4-Aug-17,72.400002,73.040001,72.239998,72.68,71.597237,22579000
655,7-Aug-17,72.800003,72.900002,72.260002,72.400002,71.321419,18705700
656,8-Aug-17,72.089996,73.129997,71.75,72.790001,71.705597,22044600
657,9-Aug-17,72.25,72.510002,72.050003,72.470001,71.390366,22213400
658,10-Aug-17,71.900002,72.190002,71.349998,71.410004,70.346161,24734500
659,11-Aug-17,71.610001,72.699997,71.279999,72.5,71.419914,21443700
660,14-Aug-17,73.059998,73.720001,72.949997,73.589996,72.493675,20067300
661,15-Aug-17,73.589996,73.589996,73.040001,73.220001,72.513489,19181400
662,16-Aug-17,73.339996,74.099998,73.169998,73.650002,72.939346,18150400
663,17-Aug-17,73.580002,73.870003,72.400002,72.400002,71.701401,22977500
664,18-Aug-17,72.269997,72.839996,71.93,72.489998,71.790527,18761500
665,21-Aug-17,72.470001,72.480003,71.699997,72.150002,71.453812,17734800
666,22-Aug-17,72.349998,73.239998,72.349998,73.160004,72.454071,14343700
667,23-Aug-17,72.959999,73.150002,72.529999,72.720001,72.018318,13766500
668,24-Aug-17,72.739998,72.860001,72.07,72.690002,71.988602,17098300
669,25-Aug-17,72.860001,73.349998,72.480003,72.82,72.117348,12794300
670,28-Aug-17,73.059998,73.089996,72.550003,72.830002,72.127258,14569700
671,29-Aug-17,72.25,73.160004,72.050003,73.050003,72.345139,11478400
672,30-Aug-17,73.010002,74.209999,72.830002,74.010002,73.295868,16897800
673,31-Aug-17,74.029999,74.959999,73.800003,74.769997,74.048531,27652800
674,1-Sep-17,74.709999,74.739998,73.639999,73.940002,73.226547,21736200
675,5-Sep-17,73.339996,73.889999,72.980003,73.610001,72.899727,21556000
676,6-Sep-17,73.739998,74.040001,73.349998,73.400002,72.69175,16535800
677,7-Sep-17,73.68,74.599998,73.599998,74.339996,73.622681,17471200
678,8-Sep-17,74.330002,74.440002,73.839996,73.980003,73.266159,14703800
679,11-Sep-17,74.309998,74.940002,74.309998,74.760002,74.038635,17910400
680,12-Sep-17,74.760002,75.239998,74.370003,74.68,73.959404,14394900
681,13-Sep-17,74.93,75.230003,74.550003,75.209999,74.484291,13380800
682,14-Sep-17,75,75.489998,74.519997,74.769997,74.048531,15733900
683,15-Sep-17,74.830002,75.389999,74.07,75.309998,74.583321,38578400
684,18-Sep-17,75.230003,75.970001,75.040001,75.160004,74.434776,23307000
685,19-Sep-17,75.209999,75.709999,75.010002,75.440002,74.712067,16093300
686,20-Sep-17,75.349998,75.550003,74.309998,74.940002,74.216896,21587900
687,21-Sep-17,75.110001,75.239998,74.110001,74.209999,73.493935,19186100
688,22-Sep-17,73.989998,74.510002,73.849998,74.410004,73.692009,14111400
689,25-Sep-17,74.089996,74.25,72.919998,73.260002,72.553108,24149200
690,26-Sep-17,73.669998,73.809998,72.989998,73.260002,72.553108,18019600
691,27-Sep-17,73.550003,74.169998,73.169998,73.849998,73.137413,19565100
692,28-Sep-17,73.540001,73.970001,73.309998,73.870003,73.157219,10883800
693,29-Sep-17,73.940002,74.540001,73.879997,74.489998,73.771233,17079100
694,2-Oct-17,74.709999,75.010002,74.300003,74.610001,73.890076,15304800
695,3-Oct-17,74.669998,74.879997,74.190002,74.260002,73.543457,12190400
696,4-Oct-17,74.089996,74.720001,73.709999,74.690002,73.969307,13317700
697,5-Oct-17,75.220001,76.120003,74.959999,75.970001,75.236954,21195300
698,6-Oct-17,75.669998,76.029999,75.540001,76,75.266663,13959800
699,9-Oct-17,75.970001,76.550003,75.860001,76.290001,75.553864,11386500
700,10-Oct-17,76.330002,76.629997,76.139999,76.290001,75.553864,13944500
701,11-Oct-17,76.360001,76.459999,75.949997,76.419998,75.68261,15388900
702,12-Oct-17,76.489998,77.290001,76.370003,77.120003,76.375862,16876500
703,13-Oct-17,77.589996,77.870003,77.290001,77.489998,76.742279,15335700
704,16-Oct-17,77.419998,77.809998,77.349998,77.650002,76.900749,12380100
705,17-Oct-17,77.470001,77.620003,77.25,77.589996,76.841316,16824000
706,18-Oct-17,77.669998,77.849998,77.370003,77.610001,76.86113,13300700
707,19-Oct-17,77.57,77.93,77.349998,77.910004,77.158234,15092800
708,20-Oct-17,78.32,78.970001,78.220001,78.809998,78.049545,22866400
709,23-Oct-17,78.989998,79.339996,78.760002,78.830002,78.069359,20627200
710,24-Oct-17,78.900002,79.199997,78.459999,78.860001,78.099068,17517200
711,25-Oct-17,78.580002,79.099998,78.010002,78.629997,77.871284,20410800
712,26-Oct-17,79.199997,79.419998,78.75,78.760002,78.000038,32120700
713,27-Oct-17,84.370003,86.199997,83.610001,83.809998,83.001305,71066700
714,30-Oct-17,83.699997,84.330002,83.110001,83.889999,83.080536,31756700
715,31-Oct-17,84.360001,84.360001,83.110001,83.18,82.377388,27086600
716,1-Nov-17,83.68,83.760002,82.879997,83.18,82.377388,22307400
717,2-Nov-17,83.349998,84.459999,83.120003,84.050003,83.238991,23992900
718,3-Nov-17,84.080002,84.540001,83.400002,84.139999,83.328117,17633500
719,6-Nov-17,84.199997,84.699997,84.080002,84.470001,83.654938,19860900
720,7-Nov-17,84.769997,84.900002,83.93,84.269997,83.456863,17939700
721,8-Nov-17,84.139999,84.610001,83.830002,84.559998,83.744064,18034200
722,9-Nov-17,84.110001,84.269997,82.900002,84.089996,83.278603,21178400
723,10-Nov-17,83.790001,84.099998,83.230003,83.870003,83.06073,19397800
724,13-Nov-17,83.660004,83.940002,83.459999,83.93,83.12014,14196900
725,14-Nov-17,83.5,84.099998,82.980003,84.050003,83.238991,18801300
726,15-Nov-17,83.470001,83.690002,82.690002,82.980003,82.592033,19383100
727,16-Nov-17,83.099998,83.419998,82.940002,83.199997,82.810997,20962800
728,17-Nov-17,83.120003,83.120003,82.239998,82.400002,82.01474,22079000
729,20-Nov-17,82.400002,82.589996,82.25,82.529999,82.144127,16315000
730,21-Nov-17,82.739998,83.839996,82.739998,83.720001,83.328568,21237500
731,22-Nov-17,83.830002,83.900002,83.040001,83.110001,82.72142,20553100
732,24-Nov-17,83.010002,83.43,82.779999,83.260002,82.87072,7425600
733,27-Nov-17,83.309998,83.980003,83.300003,83.870003,83.477867,18265200
734,28-Nov-17,84.07,85.059998,84.019997,84.879997,84.483139,21926000
735,29-Nov-17,84.709999,84.919998,83.18,83.339996,82.95034,27381100
736,30-Nov-17,83.510002,84.519997,83.339996,84.169998,83.776459,33054600
737,1-Dec-17,83.599998,84.809998,83.220001,84.260002,83.866043,29532100
738,4-Dec-17,84.419998,84.43,80.699997,81.080002,80.700912,39094900
739,5-Dec-17,81.339996,82.68,80.980003,81.589996,81.208519,26152300
740,6-Dec-17,81.550003,83.139999,81.43,82.779999,82.39296,26162100
741,7-Dec-17,82.540001,82.800003,82,82.489998,82.104317,23184500
742,8-Dec-17,83.629997,84.580002,83.330002,84.160004,83.76651,24489100
743,11-Dec-17,84.290001,85.370003,84.120003,85.230003,84.831512,22857900
744,12-Dec-17,85.309998,86.050003,85.080002,85.580002,85.179871,23924100
745,13-Dec-17,85.739998,86,85.169998,85.349998,84.950943,22062700
746,14-Dec-17,85.43,85.870003,84.529999,84.690002,84.294037,19306000
747,15-Dec-17,85.260002,87.089996,84.879997,86.849998,86.443932,53936700
748,18-Dec-17,87.120003,87.5,86.230003,86.379997,85.976128,22283800
749,19-Dec-17,86.349998,86.349998,85.269997,85.830002,85.428703,23524800
750,20-Dec-17,86.199997,86.300003,84.709999,85.519997,85.120148,23674900
751,21-Dec-17,86.050003,86.099998,85.400002,85.5,85.100243,17990700
752,22-Dec-17,85.400002,85.629997,84.919998,85.510002,85.110199,14145800
753,26-Dec-17,85.309998,85.529999,85.029999,85.400002,85.00071,9891200
754,27-Dec-17,85.650002,85.980003,85.220001,85.709999,85.309265,14678000
755,28-Dec-17,85.900002,85.93,85.550003,85.720001,85.319214,10594300
756,29-Dec-17,85.629997,86.050003,85.5,85.540001,85.14006,18717400
757,2-Jan-18,86.129997,86.309998,85.5,85.949997,85.548134,22483800
758,3-Jan-18,86.059998,86.510002,85.970001,86.349998,85.946266,26061400
759,4-Jan-18,86.589996,87.660004,86.57,87.110001,86.702721,21912000
760,5-Jan-18,87.660004,88.410004,87.43,88.190002,87.777672,23407100
761,8-Jan-18,88.199997,88.580002,87.599998,88.279999,87.867249,22113000
762,9-Jan-18,88.650002,88.730003,87.860001,88.220001,87.807526,19484300
763,10-Jan-18,87.860001,88.190002,87.410004,87.82,87.409393,18652200
764,11-Jan-18,88.129997,88.129997,87.239998,88.080002,87.668182,17808900
765,12-Jan-18,88.669998,89.779999,88.449997,89.599998,89.181076,24271500
766,16-Jan-18,90.099998,90.790001,88.010002,88.349998,87.93692,36599700
767,17-Jan-18,89.080002,90.279999,88.75,90.139999,89.718552,25621200
768,18-Jan-18,89.800003,90.669998,89.660004,90.099998,89.678734,24159700
769,19-Jan-18,90.139999,90.610001,89.660004,90,89.579201,36875000
770,22-Jan-18,90,91.620003,89.739998,91.610001,91.181679,23601600
771,23-Jan-18,91.900002,92.300003,91.540001,91.900002,91.470322,23412800
772,24-Jan-18,92.550003,93.43,91.580002,91.82,91.390694,33277500
773,25-Jan-18,92.470001,93.239998,91.93,92.330002,91.898315,26383200
774,26-Jan-18,93.120003,94.059998,92.580002,94.059998,93.620216,29172200
775,29-Jan-18,95.139999,95.449997,93.720001,93.919998,93.480873,31569900
776,30-Jan-18,93.300003,93.660004,92.099998,92.739998,92.306389,38635100
777,31-Jan-18,93.75,95.400002,93.510002,95.010002,94.565781,48756300
778,1-Feb-18,94.790001,96.07,93.580002,94.260002,93.81929,47227900
779,2-Feb-18,93.639999,93.970001,91.5,91.779999,91.350883,47867800
780,5-Feb-18,90.559998,93.239998,88,88,87.588554,51031500
